--------------------------------------------------------
--  DDL for Table WRITERS
--------------------------------------------------------

  CREATE TABLE "ANYCAPITAL"."WRITERS" 
   (	 ID NUMBER NOT NULL,
   	"TIME_CREATED" DATE DEFAULT sysdate,
	"USER_NAME" VARCHAR2(40 CHAR), 
	"PASSWORD" VARCHAR2(15 CHAR) ENCRYPT USING 'AES192' 'SHA-1', 
	"FIRST_NAME" NVARCHAR2(20), 
	"LAST_NAME" NVARCHAR2(20), 
	"EMAIL" NVARCHAR2(30), 
	"COMMENTS" NVARCHAR2(100), 
	"IS_ACTIVE" NUMBER(1,0) DEFAULT NULL, 
	"UTC_OFFSET" VARCHAR2(9 CHAR) DEFAULT 'GMT+02:00'
   ) ;

   COMMENT ON TABLE "ANYCAPITAL"."WRITERS"  IS '[WTER] Writers (backend users) in the system';
--------------------------------------------------------
--  Constraints for Table WRITERS
--------------------------------------------------------

  ALTER TABLE "ANYCAPITAL"."WRITERS" MODIFY ("TIME_CREATED" NOT NULL ENABLE);
  ALTER TABLE "ANYCAPITAL"."WRITERS" ADD CONSTRAINT "PK_WRITERS" PRIMARY KEY ("ID") ENABLE;
  ALTER TABLE "ANYCAPITAL"."WRITERS" MODIFY ("UTC_OFFSET" NOT NULL ENABLE);
  ALTER TABLE "ANYCAPITAL"."WRITERS" MODIFY ("IS_ACTIVE" NOT NULL ENABLE);
  ALTER TABLE "ANYCAPITAL"."WRITERS" MODIFY ("EMAIL" NOT NULL ENABLE);
  ALTER TABLE "ANYCAPITAL"."WRITERS" MODIFY ("LAST_NAME" NOT NULL ENABLE);
  ALTER TABLE "ANYCAPITAL"."WRITERS" MODIFY ("FIRST_NAME" NOT NULL ENABLE);
  ALTER TABLE "ANYCAPITAL"."WRITERS" MODIFY ("PASSWORD" NOT NULL ENABLE);
  ALTER TABLE "ANYCAPITAL"."WRITERS" MODIFY ("USER_NAME" NOT NULL ENABLE);
  ALTER TABLE "ANYCAPITAL"."WRITERS" MODIFY ("ID" NOT NULL ENABLE);

grant select, insert, update on  "ANYCAPITAL"."WRITERS"  to anycapital;
create sequence seq_any_writers;
create public synonym seq_any_writers for seq_any_writers;

Insert into "ANYCAPITAL"."WRITERS" (ID,TIME_CREATED,USER_NAME,PASSWORD,FIRST_NAME,LAST_NAME,EMAIL, is_active)
values (seq_any_writers.nextval,sysdate,'eran','123456','Eran','Levy','eran.levy@anyoption.com', 1);

--------------------------------------------------------
--  DDL for Table COUNTRIES
--------------------------------------------------------

  CREATE TABLE "ANYCAPITAL"."COUNTRIES" 
   (	"ID" NUMBER, 
	"COUNTRY_NAME" VARCHAR2(40 CHAR), 
	"A2" VARCHAR2(2 CHAR), 
	"A3" VARCHAR2(3 CHAR), 
	"PHONE_CODE" NUMBER, 
	"DISPLAY_NAME" VARCHAR2(20 CHAR), 
	"SUPPORT_PHONE" VARCHAR2(4000 CHAR) DEFAULT 0, 
	"SUPPORT_FAX" VARCHAR2(4000 CHAR) DEFAULT 0, 
	"GMT_OFFSET" VARCHAR2(9)
   ) ;

   
Insert into ANYCAPITAL.COUNTRIES (ID,COUNTRY_NAME,A2,A3,PHONE_CODE,DISPLAY_NAME,SUPPORT_PHONE,SUPPORT_FAX,GMT_OFFSET) values (170,'Reunion Island','RE','REU',262,'countries.reu','+44-2080997262','+44-8081890112','GMT-00:00');
Insert into ANYCAPITAL.COUNTRIES (ID,COUNTRY_NAME,A2,A3,PHONE_CODE,DISPLAY_NAME,SUPPORT_PHONE,SUPPORT_FAX,GMT_OFFSET) values (172,'Russia','RU','RUS',7,'countries.rus','788001006472','+44-8081890112','GMT+03:00');
Insert into ANYCAPITAL.COUNTRIES (ID,COUNTRY_NAME,A2,A3,PHONE_CODE,DISPLAY_NAME,SUPPORT_PHONE,SUPPORT_FAX,GMT_OFFSET) values (173,'Rwanda','RW','RWA',250,'countries.rwa','+44-2080997262','+44-8081890112','GMT+02:00');
Insert into ANYCAPITAL.COUNTRIES (ID,COUNTRY_NAME,A2,A3,PHONE_CODE,DISPLAY_NAME,SUPPORT_PHONE,SUPPORT_FAX,GMT_OFFSET) values (174,'Saint Kitts and Nevis','KN','KNA',1869,'countries.kna','+44-2080997262','+44-8081890112','GMT-04:00');
Insert into ANYCAPITAL.COUNTRIES (ID,COUNTRY_NAME,A2,A3,PHONE_CODE,DISPLAY_NAME,SUPPORT_PHONE,SUPPORT_FAX,GMT_OFFSET) values (175,'Saint Lucia','LC','LCA',1758,'countries.lca','+44-2080997262','+44-8081890112','GMT-04:00');
Insert into ANYCAPITAL.COUNTRIES (ID,COUNTRY_NAME,A2,A3,PHONE_CODE,DISPLAY_NAME,SUPPORT_PHONE,SUPPORT_FAX,GMT_OFFSET) values (178,'San Marino','SM','SMR',378,'countries.smr','+44-2080997262','+44-8081890112','GMT+01:00');
Insert into ANYCAPITAL.COUNTRIES (ID,COUNTRY_NAME,A2,A3,PHONE_CODE,DISPLAY_NAME,SUPPORT_PHONE,SUPPORT_FAX,GMT_OFFSET) values (181,'Senegal','SN','SEN',221,'countries.sen','+44-2080997262','+44-8081890112','GMT-00:00');
Insert into ANYCAPITAL.COUNTRIES (ID,COUNTRY_NAME,A2,A3,PHONE_CODE,DISPLAY_NAME,SUPPORT_PHONE,SUPPORT_FAX,GMT_OFFSET) values (182,'Seychelles','SC','SYC',248,'countries.syc','+44-2080997262','+44-8081890112','GMT+04:00');
Insert into ANYCAPITAL.COUNTRIES (ID,COUNTRY_NAME,A2,A3,PHONE_CODE,DISPLAY_NAME,SUPPORT_PHONE,SUPPORT_FAX,GMT_OFFSET) values (183,'Sierra Leone','SL','SLE',232,'countries.sle','+44-2080997262','+44-8081890112','GMT-00:00');
Insert into ANYCAPITAL.COUNTRIES (ID,COUNTRY_NAME,A2,A3,PHONE_CODE,DISPLAY_NAME,SUPPORT_PHONE,SUPPORT_FAX,GMT_OFFSET) values (184,'Singapore','SG','SGP',65,'countries.sgp','+44-2080997262','+44-8081890112','GMT+08:00');
Insert into ANYCAPITAL.COUNTRIES (ID,COUNTRY_NAME,A2,A3,PHONE_CODE,DISPLAY_NAME,SUPPORT_PHONE,SUPPORT_FAX,GMT_OFFSET) values (186,'Slovenia','SI','SVN',386,'countries.svn','+44-2080997262','+44-8081890112','GMT+01:00');
Insert into ANYCAPITAL.COUNTRIES (ID,COUNTRY_NAME,A2,A3,PHONE_CODE,DISPLAY_NAME,SUPPORT_PHONE,SUPPORT_FAX,GMT_OFFSET) values (187,'Solomon Islands','SB','SLB',677,'countries.slb','+44-2080997262','+44-8081890112','GMT+11:00');
Insert into ANYCAPITAL.COUNTRIES (ID,COUNTRY_NAME,A2,A3,PHONE_CODE,DISPLAY_NAME,SUPPORT_PHONE,SUPPORT_FAX,GMT_OFFSET) values (188,'Somalia','SO','SOM',252,'countries.som','+44-2080997262','+44-8081890112','GMT+03:00');
Insert into ANYCAPITAL.COUNTRIES (ID,COUNTRY_NAME,A2,A3,PHONE_CODE,DISPLAY_NAME,SUPPORT_PHONE,SUPPORT_FAX,GMT_OFFSET) values (191,'South Korea','KR','KOR',82,'countries.kor','00308131770','+44-8081890112','GMT+09:00');
Insert into ANYCAPITAL.COUNTRIES (ID,COUNTRY_NAME,A2,A3,PHONE_CODE,DISPLAY_NAME,SUPPORT_PHONE,SUPPORT_FAX,GMT_OFFSET) values (192,'Spain','ES','ESP',34,'countries.esp','34911237253','900939786','GMT+01:00');
Insert into ANYCAPITAL.COUNTRIES (ID,COUNTRY_NAME,A2,A3,PHONE_CODE,DISPLAY_NAME,SUPPORT_PHONE,SUPPORT_FAX,GMT_OFFSET) values (194,'ST. Helena','SH','SHN',290,'countries.shn','+44-2080997262','+44-8081890112','GMT-00:00');
Insert into ANYCAPITAL.COUNTRIES (ID,COUNTRY_NAME,A2,A3,PHONE_CODE,DISPLAY_NAME,SUPPORT_PHONE,SUPPORT_FAX,GMT_OFFSET) values (196,'Sudan','SD','SDN',249,'countries.sdn','+973-16199107','+44-8081890112','GMT+02:00');
Insert into ANYCAPITAL.COUNTRIES (ID,COUNTRY_NAME,A2,A3,PHONE_CODE,DISPLAY_NAME,SUPPORT_PHONE,SUPPORT_FAX,GMT_OFFSET) values (197,'Suriname','SR','SUR',597,'countries.sur','+44-2080997262','+44-8081890112','GMT-03:00');
Insert into ANYCAPITAL.COUNTRIES (ID,COUNTRY_NAME,A2,A3,PHONE_CODE,DISPLAY_NAME,SUPPORT_PHONE,SUPPORT_FAX,GMT_OFFSET) values (199,'Swaziland','SZ','SWZ',268,'countries.swz','+44-2080997262','+44-8081890112','GMT+01:00');
Insert into ANYCAPITAL.COUNTRIES (ID,COUNTRY_NAME,A2,A3,PHONE_CODE,DISPLAY_NAME,SUPPORT_PHONE,SUPPORT_FAX,GMT_OFFSET) values (200,'Sweden','SE','SWE',46,'countries.swe','+46-852507086','+46-852507086','GMT+01:00');
Insert into ANYCAPITAL.COUNTRIES (ID,COUNTRY_NAME,A2,A3,PHONE_CODE,DISPLAY_NAME,SUPPORT_PHONE,SUPPORT_FAX,GMT_OFFSET) values (202,'Syria','SY','SYR',963,'countries.syr','+973-16199107','+44-8081890112','GMT+02:00');
Insert into ANYCAPITAL.COUNTRIES (ID,COUNTRY_NAME,A2,A3,PHONE_CODE,DISPLAY_NAME,SUPPORT_PHONE,SUPPORT_FAX,GMT_OFFSET) values (203,'Taiwan','TW','TWN',886,'countries.twn','4400801147060','+44-8081890112','GMT+08:00');
Insert into ANYCAPITAL.COUNTRIES (ID,COUNTRY_NAME,A2,A3,PHONE_CODE,DISPLAY_NAME,SUPPORT_PHONE,SUPPORT_FAX,GMT_OFFSET) values (204,'Tajikistan','TJ','TJK',992,'countries.tjk','+44-2080997262','+44-8081890112','GMT+06:00');
Insert into ANYCAPITAL.COUNTRIES (ID,COUNTRY_NAME,A2,A3,PHONE_CODE,DISPLAY_NAME,SUPPORT_PHONE,SUPPORT_FAX,GMT_OFFSET) values (205,'Tanzania','TZ','TZA',255,'countries.tza','+44-2080997262','+44-8081890112','GMT+03:00');
Insert into ANYCAPITAL.COUNTRIES (ID,COUNTRY_NAME,A2,A3,PHONE_CODE,DISPLAY_NAME,SUPPORT_PHONE,SUPPORT_FAX,GMT_OFFSET) values (208,'Tokelau','TK','TKL',690,'countries.tkl','+44-2080997262','+44-8081890112','GMT-10:00');
Insert into ANYCAPITAL.COUNTRIES (ID,COUNTRY_NAME,A2,A3,PHONE_CODE,DISPLAY_NAME,SUPPORT_PHONE,SUPPORT_FAX,GMT_OFFSET) values (209,'Tonga Islands','TO','TON',676,'countries.ton','+44-2080997262','+44-8081890112','GMT+13:00');
Insert into ANYCAPITAL.COUNTRIES (ID,COUNTRY_NAME,A2,A3,PHONE_CODE,DISPLAY_NAME,SUPPORT_PHONE,SUPPORT_FAX,GMT_OFFSET) values (210,'Trinidad and Tobago','TT','TTO',1868,'countries.tto','+44-2080997262','+44-8081890112','GMT-04:00');
Insert into ANYCAPITAL.COUNTRIES (ID,COUNTRY_NAME,A2,A3,PHONE_CODE,DISPLAY_NAME,SUPPORT_PHONE,SUPPORT_FAX,GMT_OFFSET) values (211,'Tunisia','TN','TUN',216,'countries.tun','+973-16199107','+44-8081890112','GMT+01:00');
Insert into ANYCAPITAL.COUNTRIES (ID,COUNTRY_NAME,A2,A3,PHONE_CODE,DISPLAY_NAME,SUPPORT_PHONE,SUPPORT_FAX,GMT_OFFSET) values (213,'Turkmenistan','TM','TKM',993,'countries.tkm','+44-2080997262','+44-8081890112','GMT+05:00');
Insert into ANYCAPITAL.COUNTRIES (ID,COUNTRY_NAME,A2,A3,PHONE_CODE,DISPLAY_NAME,SUPPORT_PHONE,SUPPORT_FAX,GMT_OFFSET) values (215,'Tuvalu','TV','TUV',688,'countries.tuv','+44-2080997262','+44-8081890112','GMT+12:00');
Insert into ANYCAPITAL.COUNTRIES (ID,COUNTRY_NAME,A2,A3,PHONE_CODE,DISPLAY_NAME,SUPPORT_PHONE,SUPPORT_FAX,GMT_OFFSET) values (217,'Ukraine','UA','UKR',380,'countries.ukr','+44-2080997262','+44-8081890112','GMT+02:00');
Insert into ANYCAPITAL.COUNTRIES (ID,COUNTRY_NAME,A2,A3,PHONE_CODE,DISPLAY_NAME,SUPPORT_PHONE,SUPPORT_FAX,GMT_OFFSET) values (218,'United Arab Emirates','AE','ARE',971,'countries.are','+973-16199107','+44-8081890112','GMT+04:00');
Insert into ANYCAPITAL.COUNTRIES (ID,COUNTRY_NAME,A2,A3,PHONE_CODE,DISPLAY_NAME,SUPPORT_PHONE,SUPPORT_FAX,GMT_OFFSET) values (222,'Uzbekistan','UZ','UZB',998,'countries.uzb','+44-2080997262','+44-8081890112','GMT+05:00');
Insert into ANYCAPITAL.COUNTRIES (ID,COUNTRY_NAME,A2,A3,PHONE_CODE,DISPLAY_NAME,SUPPORT_PHONE,SUPPORT_FAX,GMT_OFFSET) values (223,'Vanuato','VU','VUT',678,'countries.vut','+44-2080997262','+44-8081890112','GMT+11:00');
Insert into ANYCAPITAL.COUNTRIES (ID,COUNTRY_NAME,A2,A3,PHONE_CODE,DISPLAY_NAME,SUPPORT_PHONE,SUPPORT_FAX,GMT_OFFSET) values (224,'Vatican','VA','VAT',39,'countries.vat','+44-2080997262','+44-8081890112','GMT+01:00');
Insert into ANYCAPITAL.COUNTRIES (ID,COUNTRY_NAME,A2,A3,PHONE_CODE,DISPLAY_NAME,SUPPORT_PHONE,SUPPORT_FAX,GMT_OFFSET) values (225,'Venezuela','VE','VEN',58,'countries.ven','+44-2080997262','+44-8081890112','GMT-04:30');
Insert into ANYCAPITAL.COUNTRIES (ID,COUNTRY_NAME,A2,A3,PHONE_CODE,DISPLAY_NAME,SUPPORT_PHONE,SUPPORT_FAX,GMT_OFFSET) values (226,'Vietnam','VN','VNM',84,'countries.vnm','+44-2080997262','+44-8081890112','GMT+07:00');
Insert into ANYCAPITAL.COUNTRIES (ID,COUNTRY_NAME,A2,A3,PHONE_CODE,DISPLAY_NAME,SUPPORT_PHONE,SUPPORT_FAX,GMT_OFFSET) values (230,'Western Sahara','EH','ESH',0,'countries.esh','+44-2080997262','+44-8081890112','GMT-00:00');
Insert into ANYCAPITAL.COUNTRIES (ID,COUNTRY_NAME,A2,A3,PHONE_CODE,DISPLAY_NAME,SUPPORT_PHONE,SUPPORT_FAX,GMT_OFFSET) values (231,'Yemen','YE','YEM',967,'countries.yem','+973-16199107','+44-8081890112','GMT+03:00');
Insert into ANYCAPITAL.COUNTRIES (ID,COUNTRY_NAME,A2,A3,PHONE_CODE,DISPLAY_NAME,SUPPORT_PHONE,SUPPORT_FAX,GMT_OFFSET) values (233,'Zaire','ZR','COD',243,'countries.zar','+44-2080997262','+44-8081890112','GMT+02:00');
Insert into ANYCAPITAL.COUNTRIES (ID,COUNTRY_NAME,A2,A3,PHONE_CODE,DISPLAY_NAME,SUPPORT_PHONE,SUPPORT_FAX,GMT_OFFSET) values (234,'Zambia','ZM','ZMB',260,'countries.zmb','+44-2080997262','+44-8081890112','GMT+02:00');
Insert into ANYCAPITAL.COUNTRIES (ID,COUNTRY_NAME,A2,A3,PHONE_CODE,DISPLAY_NAME,SUPPORT_PHONE,SUPPORT_FAX,GMT_OFFSET) values (235,'Zimbabwe','ZW','ZWE',263,'countries.zwe','+44-2080997262','+44-8081890112','GMT+02:00');
Insert into ANYCAPITAL.COUNTRIES (ID,COUNTRY_NAME,A2,A3,PHONE_CODE,DISPLAY_NAME,SUPPORT_PHONE,SUPPORT_FAX,GMT_OFFSET) values (1,'Israel','IL','ISR',972,'countries.isr','0772282222','03-6444403','GMT+03:00');
Insert into ANYCAPITAL.COUNTRIES (ID,COUNTRY_NAME,A2,A3,PHONE_CODE,DISPLAY_NAME,SUPPORT_PHONE,SUPPORT_FAX,GMT_OFFSET) values (4,'Algeria','DZ','DZA',213,'countries.dza','+973-16199107','+44-8081890112','GMT+01:00');
Insert into ANYCAPITAL.COUNTRIES (ID,COUNTRY_NAME,A2,A3,PHONE_CODE,DISPLAY_NAME,SUPPORT_PHONE,SUPPORT_FAX,GMT_OFFSET) values (5,'American Samoa','AS','ASM',684,'countries.asm','+44-2080997262','+44-8081890112','GMT-11:00');
Insert into ANYCAPITAL.COUNTRIES (ID,COUNTRY_NAME,A2,A3,PHONE_CODE,DISPLAY_NAME,SUPPORT_PHONE,SUPPORT_FAX,GMT_OFFSET) values (6,'Andorra','AD','AND',376,'countries.and','+44-2080997262','+44-8081890112','GMT+01:00');
Insert into ANYCAPITAL.COUNTRIES (ID,COUNTRY_NAME,A2,A3,PHONE_CODE,DISPLAY_NAME,SUPPORT_PHONE,SUPPORT_FAX,GMT_OFFSET) values (8,'Anguilla','AI','AIA',1265,'countries.aia','+44-2080997262','+44-8081890112','GMT-04:00');
Insert into ANYCAPITAL.COUNTRIES (ID,COUNTRY_NAME,A2,A3,PHONE_CODE,DISPLAY_NAME,SUPPORT_PHONE,SUPPORT_FAX,GMT_OFFSET) values (11,'Argentina','AR','ARG',54,'countries.arg','08004449743','08003330731','GMT-03:00');
Insert into ANYCAPITAL.COUNTRIES (ID,COUNTRY_NAME,A2,A3,PHONE_CODE,DISPLAY_NAME,SUPPORT_PHONE,SUPPORT_FAX,GMT_OFFSET) values (12,'Armenia','AM','ARM',374,'countries.arm','+44-2080997262','+44-8081890112','GMT+04:00');
Insert into ANYCAPITAL.COUNTRIES (ID,COUNTRY_NAME,A2,A3,PHONE_CODE,DISPLAY_NAME,SUPPORT_PHONE,SUPPORT_FAX,GMT_OFFSET) values (13,'Aruba','AW','ABW',297,'countries.abw','+44-2080997262','+44-8081890112','GMT-04:00');
Insert into ANYCAPITAL.COUNTRIES (ID,COUNTRY_NAME,A2,A3,PHONE_CODE,DISPLAY_NAME,SUPPORT_PHONE,SUPPORT_FAX,GMT_OFFSET) values (14,'Australia','AU','AUS',61,'countries.aus','61261452244','+44-8081890112','GMT+10:00');
Insert into ANYCAPITAL.COUNTRIES (ID,COUNTRY_NAME,A2,A3,PHONE_CODE,DISPLAY_NAME,SUPPORT_PHONE,SUPPORT_FAX,GMT_OFFSET) values (16,'Azerbaijan','AZ','AZE',994,'countries.aze','+44-2080997262','+44-8081890112','GMT+03:00');
Insert into ANYCAPITAL.COUNTRIES (ID,COUNTRY_NAME,A2,A3,PHONE_CODE,DISPLAY_NAME,SUPPORT_PHONE,SUPPORT_FAX,GMT_OFFSET) values (21,'Belarus','BY','BLR',375,'countries.blr','+44-2080997262','+44-8081890112','GMT+02:00');
Insert into ANYCAPITAL.COUNTRIES (ID,COUNTRY_NAME,A2,A3,PHONE_CODE,DISPLAY_NAME,SUPPORT_PHONE,SUPPORT_FAX,GMT_OFFSET) values (22,'Belgium','BE','BEL',32,'countries.bel','+44-2080997262','+44-8081890112','GMT+01:00');
Insert into ANYCAPITAL.COUNTRIES (ID,COUNTRY_NAME,A2,A3,PHONE_CODE,DISPLAY_NAME,SUPPORT_PHONE,SUPPORT_FAX,GMT_OFFSET) values (24,'Benin','BJ','BEN',229,'countries.ben','+44-2080997262','+44-8081890112','GMT+01:00');
Insert into ANYCAPITAL.COUNTRIES (ID,COUNTRY_NAME,A2,A3,PHONE_CODE,DISPLAY_NAME,SUPPORT_PHONE,SUPPORT_FAX,GMT_OFFSET) values (25,'Bermuda','BM','BMU',1441,'countries.bmu','+44-2080997262','+44-8081890112','GMT-04:00');
Insert into ANYCAPITAL.COUNTRIES (ID,COUNTRY_NAME,A2,A3,PHONE_CODE,DISPLAY_NAME,SUPPORT_PHONE,SUPPORT_FAX,GMT_OFFSET) values (28,'Bosnia','BA','BIH',387,'countries.bih','+44-2080997262','+44-8081890112','GMT+01:00');
Insert into ANYCAPITAL.COUNTRIES (ID,COUNTRY_NAME,A2,A3,PHONE_CODE,DISPLAY_NAME,SUPPORT_PHONE,SUPPORT_FAX,GMT_OFFSET) values (29,'Botswana','BW','BWA',267,'countries.bwa','+44-2080997262','+44-8081890112','GMT+02:00');
Insert into ANYCAPITAL.COUNTRIES (ID,COUNTRY_NAME,A2,A3,PHONE_CODE,DISPLAY_NAME,SUPPORT_PHONE,SUPPORT_FAX,GMT_OFFSET) values (32,'Brunei Darussalam','BN','BRN',673,'countries.brn','+44-2080997262','+44-8081890112','GMT+08:00');
Insert into ANYCAPITAL.COUNTRIES (ID,COUNTRY_NAME,A2,A3,PHONE_CODE,DISPLAY_NAME,SUPPORT_PHONE,SUPPORT_FAX,GMT_OFFSET) values (33,'Bulgaria','BG','BGR',359,'countries.bgr','+44-2080997262','+44-8081890112','GMT+02:00');
Insert into ANYCAPITAL.COUNTRIES (ID,COUNTRY_NAME,A2,A3,PHONE_CODE,DISPLAY_NAME,SUPPORT_PHONE,SUPPORT_FAX,GMT_OFFSET) values (35,'Burundi','BI','BDI',257,'countries.bdi','+44-2080997262','+44-8081890112','GMT-00:00');
Insert into ANYCAPITAL.COUNTRIES (ID,COUNTRY_NAME,A2,A3,PHONE_CODE,DISPLAY_NAME,SUPPORT_PHONE,SUPPORT_FAX,GMT_OFFSET) values (36,'Cambodia','KH','KHM',855,'countries.khm','+44-2080997262','+44-8081890112','GMT+07:00');
Insert into ANYCAPITAL.COUNTRIES (ID,COUNTRY_NAME,A2,A3,PHONE_CODE,DISPLAY_NAME,SUPPORT_PHONE,SUPPORT_FAX,GMT_OFFSET) values (37,'Cameroon','CM','CMR',237,'countries.cmr','+44-2080997262','+44-8081890112','GMT+01:00');
Insert into ANYCAPITAL.COUNTRIES (ID,COUNTRY_NAME,A2,A3,PHONE_CODE,DISPLAY_NAME,SUPPORT_PHONE,SUPPORT_FAX,GMT_OFFSET) values (40,'Cayman Islands','KY','CYM',1345,'countries.cym','+44-2080997262','+44-8081890112','GMT-05:00');
Insert into ANYCAPITAL.COUNTRIES (ID,COUNTRY_NAME,A2,A3,PHONE_CODE,DISPLAY_NAME,SUPPORT_PHONE,SUPPORT_FAX,GMT_OFFSET) values (41,'Central Africa','CF','CAF',236,'countries.caf','+44-2080997262','+44-8081890112','GMT+01:00');
Insert into ANYCAPITAL.COUNTRIES (ID,COUNTRY_NAME,A2,A3,PHONE_CODE,DISPLAY_NAME,SUPPORT_PHONE,SUPPORT_FAX,GMT_OFFSET) values (42,'Chad','TD','TCD',235,'countries.tcd','+44-2080997262','+44-8081890112','GMT+01:00');
Insert into ANYCAPITAL.COUNTRIES (ID,COUNTRY_NAME,A2,A3,PHONE_CODE,DISPLAY_NAME,SUPPORT_PHONE,SUPPORT_FAX,GMT_OFFSET) values (44,'China','CN','CHN',86,'countries.chn','864001203105','400-120-3044','GMT+08:00');
Insert into ANYCAPITAL.COUNTRIES (ID,COUNTRY_NAME,A2,A3,PHONE_CODE,DISPLAY_NAME,SUPPORT_PHONE,SUPPORT_FAX,GMT_OFFSET) values (47,'Colombia','CO','COL',57,'countries.col','+44-2080997262','+44-8081890112','GMT-05:00');
Insert into ANYCAPITAL.COUNTRIES (ID,COUNTRY_NAME,A2,A3,PHONE_CODE,DISPLAY_NAME,SUPPORT_PHONE,SUPPORT_FAX,GMT_OFFSET) values (48,'Comoros','KM','COM',269,'countries.com','+44-2080997262','+44-8081890112','GMT+03:00');
Insert into ANYCAPITAL.COUNTRIES (ID,COUNTRY_NAME,A2,A3,PHONE_CODE,DISPLAY_NAME,SUPPORT_PHONE,SUPPORT_FAX,GMT_OFFSET) values (51,'Costa Rica','CR','CRI',506,'countries.cri','+44-2080997262','+44-8081890112','GMT-06:00');
Insert into ANYCAPITAL.COUNTRIES (ID,COUNTRY_NAME,A2,A3,PHONE_CODE,DISPLAY_NAME,SUPPORT_PHONE,SUPPORT_FAX,GMT_OFFSET) values (52,'Ivory Coast','CI','CIV',225,'countries.civ','+44-2080997262','+44-8081890112','GMT-00:00');
Insert into ANYCAPITAL.COUNTRIES (ID,COUNTRY_NAME,A2,A3,PHONE_CODE,DISPLAY_NAME,SUPPORT_PHONE,SUPPORT_FAX,GMT_OFFSET) values (54,'Cuba','CU','CUB',53,'countries.cub','+44-2080997262','+44-8081890112','GMT-05:00');
Insert into ANYCAPITAL.COUNTRIES (ID,COUNTRY_NAME,A2,A3,PHONE_CODE,DISPLAY_NAME,SUPPORT_PHONE,SUPPORT_FAX,GMT_OFFSET) values (56,'Czech Republic','CZ','CZE',420,'countries.cze','+44-2080997262','+44-8081890112','GMT+01:00');
Insert into ANYCAPITAL.COUNTRIES (ID,COUNTRY_NAME,A2,A3,PHONE_CODE,DISPLAY_NAME,SUPPORT_PHONE,SUPPORT_FAX,GMT_OFFSET) values (59,'Dominica','DM','DMA',1767,'countries.dma','+44-2080997262','+44-8081890112','GMT-04:00');
Insert into ANYCAPITAL.COUNTRIES (ID,COUNTRY_NAME,A2,A3,PHONE_CODE,DISPLAY_NAME,SUPPORT_PHONE,SUPPORT_FAX,GMT_OFFSET) values (60,'Dominican Republic','DO','DOM',1809,'countries.dom','+44-2080997262','+44-8081890112','GMT-04:00');
Insert into ANYCAPITAL.COUNTRIES (ID,COUNTRY_NAME,A2,A3,PHONE_CODE,DISPLAY_NAME,SUPPORT_PHONE,SUPPORT_FAX,GMT_OFFSET) values (61,'East Timor','TP','TMP',670,'countries.tmp','+44-2080997262','+44-8081890112','GMT+09:00');
Insert into ANYCAPITAL.COUNTRIES (ID,COUNTRY_NAME,A2,A3,PHONE_CODE,DISPLAY_NAME,SUPPORT_PHONE,SUPPORT_FAX,GMT_OFFSET) values (63,'Egypt','EG','EGY',20,'countries.egy','+973-16199107','+44-8081890112','GMT+02:00');
Insert into ANYCAPITAL.COUNTRIES (ID,COUNTRY_NAME,A2,A3,PHONE_CODE,DISPLAY_NAME,SUPPORT_PHONE,SUPPORT_FAX,GMT_OFFSET) values (65,'Equatorial Guinea','GQ','GNQ',240,'countries.gnq','+44-2080997262','+44-8081890112','GMT+01:00');
Insert into ANYCAPITAL.COUNTRIES (ID,COUNTRY_NAME,A2,A3,PHONE_CODE,DISPLAY_NAME,SUPPORT_PHONE,SUPPORT_FAX,GMT_OFFSET) values (67,'Estonia','EE','EST',372,'countries.est','+44-2080997262','+44-8081890112','GMT+02:00');
Insert into ANYCAPITAL.COUNTRIES (ID,COUNTRY_NAME,A2,A3,PHONE_CODE,DISPLAY_NAME,SUPPORT_PHONE,SUPPORT_FAX,GMT_OFFSET) values (68,'Ethiopia','ET','ETH',251,'countries.eth','+44-2080997262','+44-8081890112','GMT+03:00');
Insert into ANYCAPITAL.COUNTRIES (ID,COUNTRY_NAME,A2,A3,PHONE_CODE,DISPLAY_NAME,SUPPORT_PHONE,SUPPORT_FAX,GMT_OFFSET) values (69,'Falkland Islands','FK','FLK',500,'countries.flk','+44-2080997262','+44-8081890112','GMT-04:00');
Insert into ANYCAPITAL.COUNTRIES (ID,COUNTRY_NAME,A2,A3,PHONE_CODE,DISPLAY_NAME,SUPPORT_PHONE,SUPPORT_FAX,GMT_OFFSET) values (71,'Fiji','FJ','FJI',679,'countries.fji','+44-2080997262','+44-8081890112','GMT+12:00');
Insert into ANYCAPITAL.COUNTRIES (ID,COUNTRY_NAME,A2,A3,PHONE_CODE,DISPLAY_NAME,SUPPORT_PHONE,SUPPORT_FAX,GMT_OFFSET) values (73,'France','FR','FRA',33,'countries.fra','33170726528','+44-8081890112','GMT+01:00');
Insert into ANYCAPITAL.COUNTRIES (ID,COUNTRY_NAME,A2,A3,PHONE_CODE,DISPLAY_NAME,SUPPORT_PHONE,SUPPORT_FAX,GMT_OFFSET) values (77,'Gabon','GA','GAB',241,'countries.gab','+44-2080997262','+44-8081890112','GMT+01:00');
Insert into ANYCAPITAL.COUNTRIES (ID,COUNTRY_NAME,A2,A3,PHONE_CODE,DISPLAY_NAME,SUPPORT_PHONE,SUPPORT_FAX,GMT_OFFSET) values (78,'Gambia','GM','GMB',220,'countries.gmb','+44-2080997262','+44-8081890112','GMT-00:00');
Insert into ANYCAPITAL.COUNTRIES (ID,COUNTRY_NAME,A2,A3,PHONE_CODE,DISPLAY_NAME,SUPPORT_PHONE,SUPPORT_FAX,GMT_OFFSET) values (80,'Germany','DE','DEU',49,'countries.deu','49305683700568','+49-0800-184-4978','GMT+01:00');
Insert into ANYCAPITAL.COUNTRIES (ID,COUNTRY_NAME,A2,A3,PHONE_CODE,DISPLAY_NAME,SUPPORT_PHONE,SUPPORT_FAX,GMT_OFFSET) values (81,'Ghana','GH','GHA',233,'countries.gha','+44-2080997262','+44-8081890112','GMT-00:00');
Insert into ANYCAPITAL.COUNTRIES (ID,COUNTRY_NAME,A2,A3,PHONE_CODE,DISPLAY_NAME,SUPPORT_PHONE,SUPPORT_FAX,GMT_OFFSET) values (84,'Greenland','GL','GRL',299,'countries.grl','+44-2080997262','+44-8081890112','GMT-03:00');
Insert into ANYCAPITAL.COUNTRIES (ID,COUNTRY_NAME,A2,A3,PHONE_CODE,DISPLAY_NAME,SUPPORT_PHONE,SUPPORT_FAX,GMT_OFFSET) values (86,'Guadeloupe','GP','GLP',590,'countries.glp','+44-2080997262','+44-8081890112','GMT-04:00');
Insert into ANYCAPITAL.COUNTRIES (ID,COUNTRY_NAME,A2,A3,PHONE_CODE,DISPLAY_NAME,SUPPORT_PHONE,SUPPORT_FAX,GMT_OFFSET) values (87,'Guam','GU','GUM',1671,'countries.gum','+44-2080997262','+44-8081890112','GMT+10:00');
Insert into ANYCAPITAL.COUNTRIES (ID,COUNTRY_NAME,A2,A3,PHONE_CODE,DISPLAY_NAME,SUPPORT_PHONE,SUPPORT_FAX,GMT_OFFSET) values (89,'Guinea','GN','GIN',224,'countries.gin','+44-2080997262','+44-8081890112','GMT-00:00');
Insert into ANYCAPITAL.COUNTRIES (ID,COUNTRY_NAME,A2,A3,PHONE_CODE,DISPLAY_NAME,SUPPORT_PHONE,SUPPORT_FAX,GMT_OFFSET) values (90,'Guyana','GY','GUY',592,'countries.guy','+44-2080997262','+44-8081890112','GMT-03:00');
Insert into ANYCAPITAL.COUNTRIES (ID,COUNTRY_NAME,A2,A3,PHONE_CODE,DISPLAY_NAME,SUPPORT_PHONE,SUPPORT_FAX,GMT_OFFSET) values (94,'Hong Kong','HK','HKG',852,'countries.hkg','44800906106','+44-8081890112','GMT+08:00');
Insert into ANYCAPITAL.COUNTRIES (ID,COUNTRY_NAME,A2,A3,PHONE_CODE,DISPLAY_NAME,SUPPORT_PHONE,SUPPORT_FAX,GMT_OFFSET) values (95,'Hungary','HU','HUN',36,'countries.hun','+44-2080997262','+44-8081890112','GMT+01:00');
Insert into ANYCAPITAL.COUNTRIES (ID,COUNTRY_NAME,A2,A3,PHONE_CODE,DISPLAY_NAME,SUPPORT_PHONE,SUPPORT_FAX,GMT_OFFSET) values (96,'Iceland','IS','ISL',354,'countries.isl','+44-2080997262','+44-8081890112','GMT-00:00');
Insert into ANYCAPITAL.COUNTRIES (ID,COUNTRY_NAME,A2,A3,PHONE_CODE,DISPLAY_NAME,SUPPORT_PHONE,SUPPORT_FAX,GMT_OFFSET) values (97,'India','IN','IND',91,'countries.ind','+44-2080997262','+44-8081890112','GMT+05:30');
Insert into ANYCAPITAL.COUNTRIES (ID,COUNTRY_NAME,A2,A3,PHONE_CODE,DISPLAY_NAME,SUPPORT_PHONE,SUPPORT_FAX,GMT_OFFSET) values (98,'Indonesia','ID','IDN',62,'countries.idn','+44-2080997262','+44-8081890112','GMT+07:00');
Insert into ANYCAPITAL.COUNTRIES (ID,COUNTRY_NAME,A2,A3,PHONE_CODE,DISPLAY_NAME,SUPPORT_PHONE,SUPPORT_FAX,GMT_OFFSET) values (100,'Iraq','IQ','IRQ',964,'countries.irq','+973-16199107','+44-8081890112','GMT+03:00');
Insert into ANYCAPITAL.COUNTRIES (ID,COUNTRY_NAME,A2,A3,PHONE_CODE,DISPLAY_NAME,SUPPORT_PHONE,SUPPORT_FAX,GMT_OFFSET) values (101,'Ireland','IE','IRL',353,'countries.irl','+44-2080997262','+44-8081890112','GMT-00:00');
Insert into ANYCAPITAL.COUNTRIES (ID,COUNTRY_NAME,A2,A3,PHONE_CODE,DISPLAY_NAME,SUPPORT_PHONE,SUPPORT_FAX,GMT_OFFSET) values (102,'Italy','IT','ITA',39,'countries.ita','390294751384','800-788-728','GMT+01:00');
Insert into ANYCAPITAL.COUNTRIES (ID,COUNTRY_NAME,A2,A3,PHONE_CODE,DISPLAY_NAME,SUPPORT_PHONE,SUPPORT_FAX,GMT_OFFSET) values (103,'Jamaica','JM','JAM',1876,'countries.jam','+44-2080997262','+44-8081890112','GMT-05:00');
Insert into ANYCAPITAL.COUNTRIES (ID,COUNTRY_NAME,A2,A3,PHONE_CODE,DISPLAY_NAME,SUPPORT_PHONE,SUPPORT_FAX,GMT_OFFSET) values (105,'Jordan','JO','JOR',962,'countries.jor','+973-16199107','+44-8081890112','GMT+02:00');
Insert into ANYCAPITAL.COUNTRIES (ID,COUNTRY_NAME,A2,A3,PHONE_CODE,DISPLAY_NAME,SUPPORT_PHONE,SUPPORT_FAX,GMT_OFFSET) values (106,'Kazakhstan','KZ','KAZ',7,'countries.kaz','+44-2080997262','+44-8081890112','GMT+06:00');
Insert into ANYCAPITAL.COUNTRIES (ID,COUNTRY_NAME,A2,A3,PHONE_CODE,DISPLAY_NAME,SUPPORT_PHONE,SUPPORT_FAX,GMT_OFFSET) values (108,'Kiribati','KI','KIR',686,'countries.kir','+44-2080997262','+44-8081890112','GMT+12:00');
Insert into ANYCAPITAL.COUNTRIES (ID,COUNTRY_NAME,A2,A3,PHONE_CODE,DISPLAY_NAME,SUPPORT_PHONE,SUPPORT_FAX,GMT_OFFSET) values (109,'Kuwait','KW','KWT',965,'countries.kwt','+973-16199107','+44-8081890112','GMT+03:00');
Insert into ANYCAPITAL.COUNTRIES (ID,COUNTRY_NAME,A2,A3,PHONE_CODE,DISPLAY_NAME,SUPPORT_PHONE,SUPPORT_FAX,GMT_OFFSET) values (110,'Kyrgyzstan','KG','KGZ',996,'countries.kgz','+44-2080997262','+44-8081890112','GMT+05:00');
Insert into ANYCAPITAL.COUNTRIES (ID,COUNTRY_NAME,A2,A3,PHONE_CODE,DISPLAY_NAME,SUPPORT_PHONE,SUPPORT_FAX,GMT_OFFSET) values (112,'Latvia','LV','LVA',371,'countries.lva','+44-2080997262','+44-8081890112','GMT+02:00');
Insert into ANYCAPITAL.COUNTRIES (ID,COUNTRY_NAME,A2,A3,PHONE_CODE,DISPLAY_NAME,SUPPORT_PHONE,SUPPORT_FAX,GMT_OFFSET) values (113,'Lebanon','LB','LBN',961,'countries.lbn','+973-16199107','+44-8081890112','GMT+02:00');
Insert into ANYCAPITAL.COUNTRIES (ID,COUNTRY_NAME,A2,A3,PHONE_CODE,DISPLAY_NAME,SUPPORT_PHONE,SUPPORT_FAX,GMT_OFFSET) values (114,'Lesotho','LS','LSO',266,'countries.lso','+44-2080997262','+44-8081890112','GMT+02:00');
Insert into ANYCAPITAL.COUNTRIES (ID,COUNTRY_NAME,A2,A3,PHONE_CODE,DISPLAY_NAME,SUPPORT_PHONE,SUPPORT_FAX,GMT_OFFSET) values (115,'Liberia','LR','LBR',231,'countries.lbr','+44-2080997262','+44-8081890112','GMT-00:00');
Insert into ANYCAPITAL.COUNTRIES (ID,COUNTRY_NAME,A2,A3,PHONE_CODE,DISPLAY_NAME,SUPPORT_PHONE,SUPPORT_FAX,GMT_OFFSET) values (117,'Liechtenstein','LI','LIE',423,'countries.lie','+44-2080997262','+44-8081890112','GMT-00:00');
Insert into ANYCAPITAL.COUNTRIES (ID,COUNTRY_NAME,A2,A3,PHONE_CODE,DISPLAY_NAME,SUPPORT_PHONE,SUPPORT_FAX,GMT_OFFSET) values (118,'Lithuania','LT','LTU',370,'countries.ltu','+44-2080997262','+44-8081890112','GMT+02:00');
Insert into ANYCAPITAL.COUNTRIES (ID,COUNTRY_NAME,A2,A3,PHONE_CODE,DISPLAY_NAME,SUPPORT_PHONE,SUPPORT_FAX,GMT_OFFSET) values (120,'Macau','MO','MAC',853,'countries.mac','+44-2080997262','+44-8081890112','GMT-00:00');
Insert into ANYCAPITAL.COUNTRIES (ID,COUNTRY_NAME,A2,A3,PHONE_CODE,DISPLAY_NAME,SUPPORT_PHONE,SUPPORT_FAX,GMT_OFFSET) values (122,'Madagascar','MG','MDG',261,'countries.mdg','+44-2080997262','+44-8081890112','GMT+03:00');
Insert into ANYCAPITAL.COUNTRIES (ID,COUNTRY_NAME,A2,A3,PHONE_CODE,DISPLAY_NAME,SUPPORT_PHONE,SUPPORT_FAX,GMT_OFFSET) values (123,'Malawi','MW','MWI',265,'countries.mwi','+44-2080997262','+44-8081890112','GMT+02:00');
Insert into ANYCAPITAL.COUNTRIES (ID,COUNTRY_NAME,A2,A3,PHONE_CODE,DISPLAY_NAME,SUPPORT_PHONE,SUPPORT_FAX,GMT_OFFSET) values (124,'Malaysia','MY','MYS',60,'countries.mys','+44-2080997262','+44-8081890112','GMT+08:00');
Insert into ANYCAPITAL.COUNTRIES (ID,COUNTRY_NAME,A2,A3,PHONE_CODE,DISPLAY_NAME,SUPPORT_PHONE,SUPPORT_FAX,GMT_OFFSET) values (125,'Maldives','MV','MDV',960,'countries.mdv','+44-2080997262','+44-8081890112','GMT+05:00');
Insert into ANYCAPITAL.COUNTRIES (ID,COUNTRY_NAME,A2,A3,PHONE_CODE,DISPLAY_NAME,SUPPORT_PHONE,SUPPORT_FAX,GMT_OFFSET) values (126,'Mali','ML','MLI',223,'countries.mli','+44-2080997262','+44-8081890112','GMT-00:00');
Insert into ANYCAPITAL.COUNTRIES (ID,COUNTRY_NAME,A2,A3,PHONE_CODE,DISPLAY_NAME,SUPPORT_PHONE,SUPPORT_FAX,GMT_OFFSET) values (128,'Marshal Islands','MH','MHL',692,'countries.mhl','+44-2080997262','+44-8081890112','GMT+12:00');
Insert into ANYCAPITAL.COUNTRIES (ID,COUNTRY_NAME,A2,A3,PHONE_CODE,DISPLAY_NAME,SUPPORT_PHONE,SUPPORT_FAX,GMT_OFFSET) values (129,'Martinique','MQ','MTQ',596,'countries.mtq','+44-2080997262','+44-8081890112','GMT-04:00');
Insert into ANYCAPITAL.COUNTRIES (ID,COUNTRY_NAME,A2,A3,PHONE_CODE,DISPLAY_NAME,SUPPORT_PHONE,SUPPORT_FAX,GMT_OFFSET) values (130,'Mauritania','MR','MRT',222,'countries.mrt','+973-16199107','+44-8081890112','GMT-00:00');
Insert into ANYCAPITAL.COUNTRIES (ID,COUNTRY_NAME,A2,A3,PHONE_CODE,DISPLAY_NAME,SUPPORT_PHONE,SUPPORT_FAX,GMT_OFFSET) values (131,'Mauritius','MU','MUS',230,'countries.mus','+44-2080997262','+44-8081890112','GMT+04:00');
Insert into ANYCAPITAL.COUNTRIES (ID,COUNTRY_NAME,A2,A3,PHONE_CODE,DISPLAY_NAME,SUPPORT_PHONE,SUPPORT_FAX,GMT_OFFSET) values (133,'Mexico','MX','MEX',52,'countries.mex','52-55-12077446','018001233331','GMT-06:00');
Insert into ANYCAPITAL.COUNTRIES (ID,COUNTRY_NAME,A2,A3,PHONE_CODE,DISPLAY_NAME,SUPPORT_PHONE,SUPPORT_FAX,GMT_OFFSET) values (135,'Moldova','MD','MDA',373,'countries.mda','+44-2080997262','+44-8081890112','GMT+02:00');
Insert into ANYCAPITAL.COUNTRIES (ID,COUNTRY_NAME,A2,A3,PHONE_CODE,DISPLAY_NAME,SUPPORT_PHONE,SUPPORT_FAX,GMT_OFFSET) values (136,'Monaco','MC','MCO',377,'countries.mco','+44-2080997262','+44-8081890112','GMT+01:00');
Insert into ANYCAPITAL.COUNTRIES (ID,COUNTRY_NAME,A2,A3,PHONE_CODE,DISPLAY_NAME,SUPPORT_PHONE,SUPPORT_FAX,GMT_OFFSET) values (137,'Mongolia','MN','MNG',976,'countries.mng','+44-2080997262','+44-8081890112','GMT+08:00');
Insert into ANYCAPITAL.COUNTRIES (ID,COUNTRY_NAME,A2,A3,PHONE_CODE,DISPLAY_NAME,SUPPORT_PHONE,SUPPORT_FAX,GMT_OFFSET) values (138,'Montserrat','MS','MSR',1664,'countries.msr','+44-2080997262','+44-8081890112','GMT-00:00');
Insert into ANYCAPITAL.COUNTRIES (ID,COUNTRY_NAME,A2,A3,PHONE_CODE,DISPLAY_NAME,SUPPORT_PHONE,SUPPORT_FAX,GMT_OFFSET) values (140,'Mozambique','MZ','MOZ',258,'countries.moz','+44-2080997262','+44-8081890112','GMT+02:00');
Insert into ANYCAPITAL.COUNTRIES (ID,COUNTRY_NAME,A2,A3,PHONE_CODE,DISPLAY_NAME,SUPPORT_PHONE,SUPPORT_FAX,GMT_OFFSET) values (141,'Myanmar','MM','MMR',95,'countries.mmr','+44-2080997262','+44-8081890112','GMT+06:30');
Insert into ANYCAPITAL.COUNTRIES (ID,COUNTRY_NAME,A2,A3,PHONE_CODE,DISPLAY_NAME,SUPPORT_PHONE,SUPPORT_FAX,GMT_OFFSET) values (142,'Namibia','NA','NAM',264,'countries.nam','+44-2080997262','+44-8081890112','GMT+01:00');
Insert into ANYCAPITAL.COUNTRIES (ID,COUNTRY_NAME,A2,A3,PHONE_CODE,DISPLAY_NAME,SUPPORT_PHONE,SUPPORT_FAX,GMT_OFFSET) values (143,'Nauru','NR','NRU',674,'countries.nru','+44-2080997262','+44-8081890112','GMT+12:00');
Insert into ANYCAPITAL.COUNTRIES (ID,COUNTRY_NAME,A2,A3,PHONE_CODE,DISPLAY_NAME,SUPPORT_PHONE,SUPPORT_FAX,GMT_OFFSET) values (144,'Nepal','NP','NPL',977,'countries.npl','+44-2080997262','+44-8081890112','GMT+05:30');
Insert into ANYCAPITAL.COUNTRIES (ID,COUNTRY_NAME,A2,A3,PHONE_CODE,DISPLAY_NAME,SUPPORT_PHONE,SUPPORT_FAX,GMT_OFFSET) values (145,'Netherlands','NL','NLD',31,'countries.nld','+31-202410310','08004049860','GMT+01:00');
Insert into ANYCAPITAL.COUNTRIES (ID,COUNTRY_NAME,A2,A3,PHONE_CODE,DISPLAY_NAME,SUPPORT_PHONE,SUPPORT_FAX,GMT_OFFSET) values (147,'New Caledonia','NC','NCL',687,'countries.ncl','+44-2080997262','+44-8081890112','GMT+11:00');
Insert into ANYCAPITAL.COUNTRIES (ID,COUNTRY_NAME,A2,A3,PHONE_CODE,DISPLAY_NAME,SUPPORT_PHONE,SUPPORT_FAX,GMT_OFFSET) values (148,'New Zealand','NZ','NZL',64,'countries.nzl','+44-2080997262','+44-8081890112','GMT+12:00');
Insert into ANYCAPITAL.COUNTRIES (ID,COUNTRY_NAME,A2,A3,PHONE_CODE,DISPLAY_NAME,SUPPORT_PHONE,SUPPORT_FAX,GMT_OFFSET) values (149,'Nicaragua','NI','NIC',505,'countries.nic','+44-2080997262','+44-8081890112','GMT-06:00');
Insert into ANYCAPITAL.COUNTRIES (ID,COUNTRY_NAME,A2,A3,PHONE_CODE,DISPLAY_NAME,SUPPORT_PHONE,SUPPORT_FAX,GMT_OFFSET) values (150,'Niger','NE','NER',227,'countries.ner','+44-2080997262','+44-8081890112','GMT+01:00');
Insert into ANYCAPITAL.COUNTRIES (ID,COUNTRY_NAME,A2,A3,PHONE_CODE,DISPLAY_NAME,SUPPORT_PHONE,SUPPORT_FAX,GMT_OFFSET) values (151,'Nigeria','NG','NGA',234,'countries.nga','+44-2080997262','+44-8081890112','GMT+01:00');
Insert into ANYCAPITAL.COUNTRIES (ID,COUNTRY_NAME,A2,A3,PHONE_CODE,DISPLAY_NAME,SUPPORT_PHONE,SUPPORT_FAX,GMT_OFFSET) values (153,'Norfolk Island','NF','NFK',672,'countries.nfk','+44-2080997262','+44-8081890112','GMT+11:30');
Insert into ANYCAPITAL.COUNTRIES (ID,COUNTRY_NAME,A2,A3,PHONE_CODE,DISPLAY_NAME,SUPPORT_PHONE,SUPPORT_FAX,GMT_OFFSET) values (154,'North Korea','KP','PRK',850,'countries.prk','+44-2080997262','+44-8081890112','GMT+09:00');
Insert into ANYCAPITAL.COUNTRIES (ID,COUNTRY_NAME,A2,A3,PHONE_CODE,DISPLAY_NAME,SUPPORT_PHONE,SUPPORT_FAX,GMT_OFFSET) values (156,'Norway','NO','NOR',47,'countries.nor','+44-2080997262','+44-8081890112','GMT+01:00');
Insert into ANYCAPITAL.COUNTRIES (ID,COUNTRY_NAME,A2,A3,PHONE_CODE,DISPLAY_NAME,SUPPORT_PHONE,SUPPORT_FAX,GMT_OFFSET) values (157,'Oman','OM','OMN',968,'countries.omn','+973-16199107','+44-8081890112','GMT+04:00');
Insert into ANYCAPITAL.COUNTRIES (ID,COUNTRY_NAME,A2,A3,PHONE_CODE,DISPLAY_NAME,SUPPORT_PHONE,SUPPORT_FAX,GMT_OFFSET) values (159,'Palau','PW','PLW',680,'countries.plw','+44-2080997262','+44-8081890112','GMT+09:00');
Insert into ANYCAPITAL.COUNTRIES (ID,COUNTRY_NAME,A2,A3,PHONE_CODE,DISPLAY_NAME,SUPPORT_PHONE,SUPPORT_FAX,GMT_OFFSET) values (160,'Panama','PA','PAN',507,'countries.pan','+44-2080997262','+44-8081890112','GMT-05:00');
Insert into ANYCAPITAL.COUNTRIES (ID,COUNTRY_NAME,A2,A3,PHONE_CODE,DISPLAY_NAME,SUPPORT_PHONE,SUPPORT_FAX,GMT_OFFSET) values (161,'Papua New Guinea','PG','PNG',675,'countries.png','+44-2080997262','+44-8081890112','GMT+10:00');
Insert into ANYCAPITAL.COUNTRIES (ID,COUNTRY_NAME,A2,A3,PHONE_CODE,DISPLAY_NAME,SUPPORT_PHONE,SUPPORT_FAX,GMT_OFFSET) values (162,'Paraguay','PY','PRY',595,'countries.pry','+44-2080997262','+44-8081890112','GMT-04:00');
Insert into ANYCAPITAL.COUNTRIES (ID,COUNTRY_NAME,A2,A3,PHONE_CODE,DISPLAY_NAME,SUPPORT_PHONE,SUPPORT_FAX,GMT_OFFSET) values (163,'Peru','PE','PER',51,'countries.per','+44-2080997262','+44-8081890112','GMT-05:00');
Insert into ANYCAPITAL.COUNTRIES (ID,COUNTRY_NAME,A2,A3,PHONE_CODE,DISPLAY_NAME,SUPPORT_PHONE,SUPPORT_FAX,GMT_OFFSET) values (165,'Pitcairn','PN','PCN',0,'countries.pcn','+44-2080997262','+44-8081890112','GMT-00:00');
Insert into ANYCAPITAL.COUNTRIES (ID,COUNTRY_NAME,A2,A3,PHONE_CODE,DISPLAY_NAME,SUPPORT_PHONE,SUPPORT_FAX,GMT_OFFSET) values (166,'Poland','PL','POL',48,'countries.pol','+44-2080997262','+44-8081890112','GMT+01:00');
Insert into ANYCAPITAL.COUNTRIES (ID,COUNTRY_NAME,A2,A3,PHONE_CODE,DISPLAY_NAME,SUPPORT_PHONE,SUPPORT_FAX,GMT_OFFSET) values (167,'Portugal','PT','PRT',351,'countries.prt','+44-2080997262','+44-8081890112','GMT+01:00');
Insert into ANYCAPITAL.COUNTRIES (ID,COUNTRY_NAME,A2,A3,PHONE_CODE,DISPLAY_NAME,SUPPORT_PHONE,SUPPORT_FAX,GMT_OFFSET) values (168,'Puerto Rico','PR','PRI',1787,'countries.pri','+44-2080997262','+44-8081890112','GMT-04:00');
Insert into ANYCAPITAL.COUNTRIES (ID,COUNTRY_NAME,A2,A3,PHONE_CODE,DISPLAY_NAME,SUPPORT_PHONE,SUPPORT_FAX,GMT_OFFSET) values (3,'Albania','AL','ALB',355,'countries.alb','+44-2080997262','+44-8081890112','GMT+01:00');
Insert into ANYCAPITAL.COUNTRIES (ID,COUNTRY_NAME,A2,A3,PHONE_CODE,DISPLAY_NAME,SUPPORT_PHONE,SUPPORT_FAX,GMT_OFFSET) values (7,'Angola','AO','AGO',244,'countries.ago','+44-2080997262','+44-8081890112','GMT+01:00');
Insert into ANYCAPITAL.COUNTRIES (ID,COUNTRY_NAME,A2,A3,PHONE_CODE,DISPLAY_NAME,SUPPORT_PHONE,SUPPORT_FAX,GMT_OFFSET) values (10,'Antigua and Barbuda','AG','ATG',1268,'countries.atg','+44-2080997262','+44-8081890112','GMT-04:00');
Insert into ANYCAPITAL.COUNTRIES (ID,COUNTRY_NAME,A2,A3,PHONE_CODE,DISPLAY_NAME,SUPPORT_PHONE,SUPPORT_FAX,GMT_OFFSET) values (15,'Austria','AT','AUT',43,'countries.aut','43720881671','+44-8081890112','GMT+01:00');
Insert into ANYCAPITAL.COUNTRIES (ID,COUNTRY_NAME,A2,A3,PHONE_CODE,DISPLAY_NAME,SUPPORT_PHONE,SUPPORT_FAX,GMT_OFFSET) values (23,'Belize','BZ','BLZ',501,'countries.blz','+44-2080997262','+44-8081890112','GMT-06:00');
Insert into ANYCAPITAL.COUNTRIES (ID,COUNTRY_NAME,A2,A3,PHONE_CODE,DISPLAY_NAME,SUPPORT_PHONE,SUPPORT_FAX,GMT_OFFSET) values (27,'Bolivia','BO','BOL',591,'countries.bol','+44-2080997262','+44-8081890112','GMT-04:00');
Insert into ANYCAPITAL.COUNTRIES (ID,COUNTRY_NAME,A2,A3,PHONE_CODE,DISPLAY_NAME,SUPPORT_PHONE,SUPPORT_FAX,GMT_OFFSET) values (31,'Brazil','BR','BRA',55,'countries.bra','+44-2080997262','+44-8081890112','GMT-02:00');
Insert into ANYCAPITAL.COUNTRIES (ID,COUNTRY_NAME,A2,A3,PHONE_CODE,DISPLAY_NAME,SUPPORT_PHONE,SUPPORT_FAX,GMT_OFFSET) values (34,'Burkina Faso','BF','BFA',226,'countries.bfa','+44-2080997262','+44-8081890112','GMT-00:00');
Insert into ANYCAPITAL.COUNTRIES (ID,COUNTRY_NAME,A2,A3,PHONE_CODE,DISPLAY_NAME,SUPPORT_PHONE,SUPPORT_FAX,GMT_OFFSET) values (43,'Chile','CL','CHL',56,'countries.chl','+44-2080997262','+44-8081890112','GMT-03:00');
Insert into ANYCAPITAL.COUNTRIES (ID,COUNTRY_NAME,A2,A3,PHONE_CODE,DISPLAY_NAME,SUPPORT_PHONE,SUPPORT_FAX,GMT_OFFSET) values (46,'Cocos Islands','CC','CCK',61,'countries.cck','+44-2080997262','+44-8081890112','GMT-00:00');
Insert into ANYCAPITAL.COUNTRIES (ID,COUNTRY_NAME,A2,A3,PHONE_CODE,DISPLAY_NAME,SUPPORT_PHONE,SUPPORT_FAX,GMT_OFFSET) values (50,'Cook Islands','CK','COK',682,'countries.cok','+44-2080997262','+44-8081890112','GMT-10:00');
Insert into ANYCAPITAL.COUNTRIES (ID,COUNTRY_NAME,A2,A3,PHONE_CODE,DISPLAY_NAME,SUPPORT_PHONE,SUPPORT_FAX,GMT_OFFSET) values (55,'Cyprus','CY','CYP',357,'countries.cyp','35722030398','357-22030417','GMT+02:00');
Insert into ANYCAPITAL.COUNTRIES (ID,COUNTRY_NAME,A2,A3,PHONE_CODE,DISPLAY_NAME,SUPPORT_PHONE,SUPPORT_FAX,GMT_OFFSET) values (58,'Djibouti','DJ','DJI',253,'countries.dji','+973-16199107','+44-8081890112','GMT+03:00');
Insert into ANYCAPITAL.COUNTRIES (ID,COUNTRY_NAME,A2,A3,PHONE_CODE,DISPLAY_NAME,SUPPORT_PHONE,SUPPORT_FAX,GMT_OFFSET) values (66,'Eritrea','ER','ERI',291,'countries.eri','+44-2080997262','+44-8081890112','GMT+03:00');
Insert into ANYCAPITAL.COUNTRIES (ID,COUNTRY_NAME,A2,A3,PHONE_CODE,DISPLAY_NAME,SUPPORT_PHONE,SUPPORT_FAX,GMT_OFFSET) values (74,'French Guiana','GF','GUF',594,'countries.guf','+44-2080997262','+44-8081890112','GMT-03:00');
Insert into ANYCAPITAL.COUNTRIES (ID,COUNTRY_NAME,A2,A3,PHONE_CODE,DISPLAY_NAME,SUPPORT_PHONE,SUPPORT_FAX,GMT_OFFSET) values (79,'Georgia','GE','GEO',995,'countries.geo','+44-2080997262','+44-8081890112','GMT+04:00');
Insert into ANYCAPITAL.COUNTRIES (ID,COUNTRY_NAME,A2,A3,PHONE_CODE,DISPLAY_NAME,SUPPORT_PHONE,SUPPORT_FAX,GMT_OFFSET) values (83,'Greece','GR','GRC',30,'countries.grc','+44-2080997262','+44-8081890112','GMT+01:00');
Insert into ANYCAPITAL.COUNTRIES (ID,COUNTRY_NAME,A2,A3,PHONE_CODE,DISPLAY_NAME,SUPPORT_PHONE,SUPPORT_FAX,GMT_OFFSET) values (236,'Serbia','RS','SRB',381,'countries.srb','08009174606','08004049860','GMT+01:00');
Insert into ANYCAPITAL.COUNTRIES (ID,COUNTRY_NAME,A2,A3,PHONE_CODE,DISPLAY_NAME,SUPPORT_PHONE,SUPPORT_FAX,GMT_OFFSET) values (237,'Montenegro','ME','MNE',381,'countries.mne','08009174606','08004049860','GMT+01:00');
Insert into ANYCAPITAL.COUNTRIES (ID,COUNTRY_NAME,A2,A3,PHONE_CODE,DISPLAY_NAME,SUPPORT_PHONE,SUPPORT_FAX,GMT_OFFSET) values (216,'Uganda','UG','UGA',256,'countries.uga','+44-2080997262','+44-8081890112','GMT+03:00');
Insert into ANYCAPITAL.COUNTRIES (ID,COUNTRY_NAME,A2,A3,PHONE_CODE,DISPLAY_NAME,SUPPORT_PHONE,SUPPORT_FAX,GMT_OFFSET) values (18,'Bahrain','BH','BHR',973,'countries.bhr','+973-16199107','+44-8081890112','GMT+03:00');
Insert into ANYCAPITAL.COUNTRIES (ID,COUNTRY_NAME,A2,A3,PHONE_CODE,DISPLAY_NAME,SUPPORT_PHONE,SUPPORT_FAX,GMT_OFFSET) values (49,'Congo','CD','COG',242,'countries.cog','+44-2080997262','+44-8081890112','GMT+01:00');
Insert into ANYCAPITAL.COUNTRIES (ID,COUNTRY_NAME,A2,A3,PHONE_CODE,DISPLAY_NAME,SUPPORT_PHONE,SUPPORT_FAX,GMT_OFFSET) values (88,'Guatemala','GT','GTM',502,'countries.gtm','+44-2080997262','+44-8081890112','GMT-06:00');
Insert into ANYCAPITAL.COUNTRIES (ID,COUNTRY_NAME,A2,A3,PHONE_CODE,DISPLAY_NAME,SUPPORT_PHONE,SUPPORT_FAX,GMT_OFFSET) values (17,'Bahamas','BS','BHS',1242,'countries.bhs','+44-2080997262','+44-8081890112','GMT-05:00');
Insert into ANYCAPITAL.COUNTRIES (ID,COUNTRY_NAME,A2,A3,PHONE_CODE,DISPLAY_NAME,SUPPORT_PHONE,SUPPORT_FAX,GMT_OFFSET) values (26,'Bhutan','BT','BTN',975,'countries.btn','+44-2080997262','+44-8081890112','GMT+06:00');
Insert into ANYCAPITAL.COUNTRIES (ID,COUNTRY_NAME,A2,A3,PHONE_CODE,DISPLAY_NAME,SUPPORT_PHONE,SUPPORT_FAX,GMT_OFFSET) values (53,'Croatia','HR','HRV',385,'countries.hrv','+44-2080997262','+44-8081890112','GMT+01:00');
Insert into ANYCAPITAL.COUNTRIES (ID,COUNTRY_NAME,A2,A3,PHONE_CODE,DISPLAY_NAME,SUPPORT_PHONE,SUPPORT_FAX,GMT_OFFSET) values (72,'Finland','FI','FIN',358,'countries.fin','+44-2080997262','+44-8081890112','GMT+02:00');
Insert into ANYCAPITAL.COUNTRIES (ID,COUNTRY_NAME,A2,A3,PHONE_CODE,DISPLAY_NAME,SUPPORT_PHONE,SUPPORT_FAX,GMT_OFFSET) values (93,'Honduras','HN','HND',504,'countries.hnd','+44-2080997262','+44-8081890112','GMT-06:00');
Insert into ANYCAPITAL.COUNTRIES (ID,COUNTRY_NAME,A2,A3,PHONE_CODE,DISPLAY_NAME,SUPPORT_PHONE,SUPPORT_FAX,GMT_OFFSET) values (107,'Kenya','KE','KEN',254,'countries.ken','+44-2080997262','+44-8081890112','GMT+03:00');
Insert into ANYCAPITAL.COUNTRIES (ID,COUNTRY_NAME,A2,A3,PHONE_CODE,DISPLAY_NAME,SUPPORT_PHONE,SUPPORT_FAX,GMT_OFFSET) values (119,'Luxembourg','LU','LUX',352,'countries.lux','+44-2080997262','+44-8081890112','GMT+01:00');
Insert into ANYCAPITAL.COUNTRIES (ID,COUNTRY_NAME,A2,A3,PHONE_CODE,DISPLAY_NAME,SUPPORT_PHONE,SUPPORT_FAX,GMT_OFFSET) values (177,'Samoa','WS','WSM',685,'countries.wsm','+44-2080997262','+44-8081890112','GMT-11:00');
Insert into ANYCAPITAL.COUNTRIES (ID,COUNTRY_NAME,A2,A3,PHONE_CODE,DISPLAY_NAME,SUPPORT_PHONE,SUPPORT_FAX,GMT_OFFSET) values (189,'South Africa','ZA','ZAF',27,'countries.zaf','0800982374','0800982383','GMT+02:00');
Insert into ANYCAPITAL.COUNTRIES (ID,COUNTRY_NAME,A2,A3,PHONE_CODE,DISPLAY_NAME,SUPPORT_PHONE,SUPPORT_FAX,GMT_OFFSET) values (206,'Thailand','TH','THA',66,'countries.tha','+44-2080997262','+44-8081890112','GMT+07:00');
Insert into ANYCAPITAL.COUNTRIES (ID,COUNTRY_NAME,A2,A3,PHONE_CODE,DISPLAY_NAME,SUPPORT_PHONE,SUPPORT_FAX,GMT_OFFSET) values (221,'Uruguay','UY','URY',598,'countries.ury','+44-2080997262','+44-8081890112','GMT-03:00');
Insert into ANYCAPITAL.COUNTRIES (ID,COUNTRY_NAME,A2,A3,PHONE_CODE,DISPLAY_NAME,SUPPORT_PHONE,SUPPORT_FAX,GMT_OFFSET) values (228,'Virgin Islands US','VI','VIR',1340,'countries.vir','+44-2080997262','+44-8081890112','GMT-00:00');
Insert into ANYCAPITAL.COUNTRIES (ID,COUNTRY_NAME,A2,A3,PHONE_CODE,DISPLAY_NAME,SUPPORT_PHONE,SUPPORT_FAX,GMT_OFFSET) values (82,'Gibraltar','GI','GIB',350,'countries.gib','+44-2080997262','+44-8081890112','GMT+01:00');
Insert into ANYCAPITAL.COUNTRIES (ID,COUNTRY_NAME,A2,A3,PHONE_CODE,DISPLAY_NAME,SUPPORT_PHONE,SUPPORT_FAX,GMT_OFFSET) values (134,'Micronesia','FM','FSM',691,'countries.fsm','+44-2080997262','+44-8081890112','GMT-00:00');
Insert into ANYCAPITAL.COUNTRIES (ID,COUNTRY_NAME,A2,A3,PHONE_CODE,DISPLAY_NAME,SUPPORT_PHONE,SUPPORT_FAX,GMT_OFFSET) values (70,'Faroe Islands','FO','FRO',298,'countries.fro','+44-2080997262','+44-8081890112','GMT-00:00');
Insert into ANYCAPITAL.COUNTRIES (ID,COUNTRY_NAME,A2,A3,PHONE_CODE,DISPLAY_NAME,SUPPORT_PHONE,SUPPORT_FAX,GMT_OFFSET) values (2,'Afghanistan','AF','AFG',93,'countries.afg','+44-2080997262','+44-8081890112','GMT+04:30');
Insert into ANYCAPITAL.COUNTRIES (ID,COUNTRY_NAME,A2,A3,PHONE_CODE,DISPLAY_NAME,SUPPORT_PHONE,SUPPORT_FAX,GMT_OFFSET) values (9,'Antarctica','AQ','ATA',672,'countries.ata','+44-2080997262','+44-8081890112','GMT-02:00');
Insert into ANYCAPITAL.COUNTRIES (ID,COUNTRY_NAME,A2,A3,PHONE_CODE,DISPLAY_NAME,SUPPORT_PHONE,SUPPORT_FAX,GMT_OFFSET) values (19,'Bangladesh','BD','BGD',880,'countries.bgd','+44-2080997262','+44-8081890112','GMT+07:00');
Insert into ANYCAPITAL.COUNTRIES (ID,COUNTRY_NAME,A2,A3,PHONE_CODE,DISPLAY_NAME,SUPPORT_PHONE,SUPPORT_FAX,GMT_OFFSET) values (20,'Barbados','BB','BRB',1246,'countries.brb','+44-2080997262','+44-8081890112','GMT-04:00');
Insert into ANYCAPITAL.COUNTRIES (ID,COUNTRY_NAME,A2,A3,PHONE_CODE,DISPLAY_NAME,SUPPORT_PHONE,SUPPORT_FAX,GMT_OFFSET) values (30,'Bouvet Island','BV','BVT',0,'countries.bvt','+44-2080997262','+44-8081890112','GMT-00:00');
Insert into ANYCAPITAL.COUNTRIES (ID,COUNTRY_NAME,A2,A3,PHONE_CODE,DISPLAY_NAME,SUPPORT_PHONE,SUPPORT_FAX,GMT_OFFSET) values (38,'Canada','CA','CAN',1,'countries.can','15148190839','+44-8081890112','GMT-05:00');
Insert into ANYCAPITAL.COUNTRIES (ID,COUNTRY_NAME,A2,A3,PHONE_CODE,DISPLAY_NAME,SUPPORT_PHONE,SUPPORT_FAX,GMT_OFFSET) values (39,'Cape Verde','CV','CPV',238,'countries.cpv','+44-2080997262','+44-8081890112','GMT-01:00');
Insert into ANYCAPITAL.COUNTRIES (ID,COUNTRY_NAME,A2,A3,PHONE_CODE,DISPLAY_NAME,SUPPORT_PHONE,SUPPORT_FAX,GMT_OFFSET) values (45,'Christmas Island','CX','CXR',61,'countries.cxr','+44-2080997262','+44-8081890112','GMT-10:00');
Insert into ANYCAPITAL.COUNTRIES (ID,COUNTRY_NAME,A2,A3,PHONE_CODE,DISPLAY_NAME,SUPPORT_PHONE,SUPPORT_FAX,GMT_OFFSET) values (57,'Denmark','DK','DNK',45,'countries.dnk','+44-2080997262','+44-8081890112','GMT+01:00');
Insert into ANYCAPITAL.COUNTRIES (ID,COUNTRY_NAME,A2,A3,PHONE_CODE,DISPLAY_NAME,SUPPORT_PHONE,SUPPORT_FAX,GMT_OFFSET) values (62,'Ecuador','EC','ECU',593,'countries.ecu','+44-2080997262','+44-8081890112','GMT-05:00');
Insert into ANYCAPITAL.COUNTRIES (ID,COUNTRY_NAME,A2,A3,PHONE_CODE,DISPLAY_NAME,SUPPORT_PHONE,SUPPORT_FAX,GMT_OFFSET) values (64,'El Salvador','SV','SLV',503,'countries.slv','+44-2080997262','+44-8081890112','GMT-06:00');
Insert into ANYCAPITAL.COUNTRIES (ID,COUNTRY_NAME,A2,A3,PHONE_CODE,DISPLAY_NAME,SUPPORT_PHONE,SUPPORT_FAX,GMT_OFFSET) values (75,'French Polynesia','PF','PYF',689,'countries.pyf','+44-2080997262','+44-8081890112','GMT-10:00');
Insert into ANYCAPITAL.COUNTRIES (ID,COUNTRY_NAME,A2,A3,PHONE_CODE,DISPLAY_NAME,SUPPORT_PHONE,SUPPORT_FAX,GMT_OFFSET) values (85,'Grenada','GD','GRD',1473,'countries.grd','+44-2080997262','+44-8081890112','GMT-04:00');
Insert into ANYCAPITAL.COUNTRIES (ID,COUNTRY_NAME,A2,A3,PHONE_CODE,DISPLAY_NAME,SUPPORT_PHONE,SUPPORT_FAX,GMT_OFFSET) values (91,'Haiti','HT','HTI',509,'countries.hti','+44-2080997262','+44-8081890112','GMT-05:00');
Insert into ANYCAPITAL.COUNTRIES (ID,COUNTRY_NAME,A2,A3,PHONE_CODE,DISPLAY_NAME,SUPPORT_PHONE,SUPPORT_FAX,GMT_OFFSET) values (99,'Iran','IR','IRN',98,'countries.irn','+44-2080997262','+44-8081890112','GMT+03:30');
Insert into ANYCAPITAL.COUNTRIES (ID,COUNTRY_NAME,A2,A3,PHONE_CODE,DISPLAY_NAME,SUPPORT_PHONE,SUPPORT_FAX,GMT_OFFSET) values (104,'Japan','JP','JPN',81,'countries.jpn','+44-2080997262','+44-8081890112','GMT+09:00');
Insert into ANYCAPITAL.COUNTRIES (ID,COUNTRY_NAME,A2,A3,PHONE_CODE,DISPLAY_NAME,SUPPORT_PHONE,SUPPORT_FAX,GMT_OFFSET) values (111,'Laos','LA','LAO',856,'countries.lao','+44-2080997262','+44-8081890112','GMT+07:00');
Insert into ANYCAPITAL.COUNTRIES (ID,COUNTRY_NAME,A2,A3,PHONE_CODE,DISPLAY_NAME,SUPPORT_PHONE,SUPPORT_FAX,GMT_OFFSET) values (116,'Libya','LY','LBY',218,'countries.lby','+973-16199107','+44-8081890112','GMT+02:00');
Insert into ANYCAPITAL.COUNTRIES (ID,COUNTRY_NAME,A2,A3,PHONE_CODE,DISPLAY_NAME,SUPPORT_PHONE,SUPPORT_FAX,GMT_OFFSET) values (121,'Macedonia','MK','MKD',389,'countries.mkd','+44-2080997262','+44-8081890112','GMT+01:00');
Insert into ANYCAPITAL.COUNTRIES (ID,COUNTRY_NAME,A2,A3,PHONE_CODE,DISPLAY_NAME,SUPPORT_PHONE,SUPPORT_FAX,GMT_OFFSET) values (127,'Malta','MT','MLT',356,'countries.mlt','+44-2080997262','+44-8081890112','GMT+01:00');
Insert into ANYCAPITAL.COUNTRIES (ID,COUNTRY_NAME,A2,A3,PHONE_CODE,DISPLAY_NAME,SUPPORT_PHONE,SUPPORT_FAX,GMT_OFFSET) values (132,'Mayotte Island','YT','MYT',269,'countries.myt','+44-2080997262','+44-8081890112','GMT+03:00');
Insert into ANYCAPITAL.COUNTRIES (ID,COUNTRY_NAME,A2,A3,PHONE_CODE,DISPLAY_NAME,SUPPORT_PHONE,SUPPORT_FAX,GMT_OFFSET) values (139,'Morocco','MA','MAR',212,'countries.mar','+973-16199107','+44-8081890112','GMT-00:00');
Insert into ANYCAPITAL.COUNTRIES (ID,COUNTRY_NAME,A2,A3,PHONE_CODE,DISPLAY_NAME,SUPPORT_PHONE,SUPPORT_FAX,GMT_OFFSET) values (146,'Netherlands Antilles','AN','ANT',599,'countries.ant','+44-2080997262','+44-8081890112','GMT-04:00');
Insert into ANYCAPITAL.COUNTRIES (ID,COUNTRY_NAME,A2,A3,PHONE_CODE,DISPLAY_NAME,SUPPORT_PHONE,SUPPORT_FAX,GMT_OFFSET) values (152,'Niue','NU','NIU',683,'countries.niu','+44-2080997262','+44-8081890112','GMT-11:00');
Insert into ANYCAPITAL.COUNTRIES (ID,COUNTRY_NAME,A2,A3,PHONE_CODE,DISPLAY_NAME,SUPPORT_PHONE,SUPPORT_FAX,GMT_OFFSET) values (158,'Pakistan','PK','PAK',92,'countries.pak','+44-2080997262','+44-8081890112','GMT+05:00');
Insert into ANYCAPITAL.COUNTRIES (ID,COUNTRY_NAME,A2,A3,PHONE_CODE,DISPLAY_NAME,SUPPORT_PHONE,SUPPORT_FAX,GMT_OFFSET) values (164,'Philippines','PH','PHL',63,'countries.phl','+44-2080997262','+44-8081890112','GMT+08:00');
Insert into ANYCAPITAL.COUNTRIES (ID,COUNTRY_NAME,A2,A3,PHONE_CODE,DISPLAY_NAME,SUPPORT_PHONE,SUPPORT_FAX,GMT_OFFSET) values (169,'Qatar','QA','QAT',974,'countries.qat','+973-16199107','+44-8081890112','GMT+03:00');
Insert into ANYCAPITAL.COUNTRIES (ID,COUNTRY_NAME,A2,A3,PHONE_CODE,DISPLAY_NAME,SUPPORT_PHONE,SUPPORT_FAX,GMT_OFFSET) values (171,'Romania','RO','ROU',40,'countries.rom','+44-2080997262','+44-8081890112','GMT+02:00');
Insert into ANYCAPITAL.COUNTRIES (ID,COUNTRY_NAME,A2,A3,PHONE_CODE,DISPLAY_NAME,SUPPORT_PHONE,SUPPORT_FAX,GMT_OFFSET) values (180,'Saudi Arabia','SA','SAU',966,'countries.sau','+973-16199107','+44-8081890112','GMT+03:00');
Insert into ANYCAPITAL.COUNTRIES (ID,COUNTRY_NAME,A2,A3,PHONE_CODE,DISPLAY_NAME,SUPPORT_PHONE,SUPPORT_FAX,GMT_OFFSET) values (185,'Slovakia','SK','SVK',421,'countries.svk','+44-2080997262','+44-8081890112','GMT+01:00');
Insert into ANYCAPITAL.COUNTRIES (ID,COUNTRY_NAME,A2,A3,PHONE_CODE,DISPLAY_NAME,SUPPORT_PHONE,SUPPORT_FAX,GMT_OFFSET) values (193,'Sri Lanka','LK','LKA',94,'countries.lka','+44-2080997262','+44-8081890112','GMT+05:30');
Insert into ANYCAPITAL.COUNTRIES (ID,COUNTRY_NAME,A2,A3,PHONE_CODE,DISPLAY_NAME,SUPPORT_PHONE,SUPPORT_FAX,GMT_OFFSET) values (201,'Switzerland','CH','CHE',41,'countries.che','41435080960','+44-8081890112','GMT+01:00');
Insert into ANYCAPITAL.COUNTRIES (ID,COUNTRY_NAME,A2,A3,PHONE_CODE,DISPLAY_NAME,SUPPORT_PHONE,SUPPORT_FAX,GMT_OFFSET) values (207,'Togo','TG','TGO',228,'countries.tgo','+44-2080997262','+44-8081890112','GMT-00:00');
Insert into ANYCAPITAL.COUNTRIES (ID,COUNTRY_NAME,A2,A3,PHONE_CODE,DISPLAY_NAME,SUPPORT_PHONE,SUPPORT_FAX,GMT_OFFSET) values (212,'Turkey','TR','TUR',90,'countries.tur','902129880247','00-800-8529-2724','GMT+02:00');
Insert into ANYCAPITAL.COUNTRIES (ID,COUNTRY_NAME,A2,A3,PHONE_CODE,DISPLAY_NAME,SUPPORT_PHONE,SUPPORT_FAX,GMT_OFFSET) values (220,'United States','US','USA',1,'countries.usa','18668444540','18667343034','GMT-06:00');
Insert into ANYCAPITAL.COUNTRIES (ID,COUNTRY_NAME,A2,A3,PHONE_CODE,DISPLAY_NAME,SUPPORT_PHONE,SUPPORT_FAX,GMT_OFFSET) values (227,'Virgin Islands UK','VG','VGB',0,'countries.vgb','+44-2080997262','+44-8081890112','GMT-04:00');
Insert into ANYCAPITAL.COUNTRIES (ID,COUNTRY_NAME,A2,A3,PHONE_CODE,DISPLAY_NAME,SUPPORT_PHONE,SUPPORT_FAX,GMT_OFFSET) values (219,'United Kingdom','GB','GBR',44,'countries.gbr','44-20-35141216','08004049860','GMT-00:00');

--------------------------------------------------------
--  Constraints for Table COUNTRIES
--------------------------------------------------------

  ALTER TABLE "ANYCAPITAL"."COUNTRIES" ADD UNIQUE ("A3") ENABLE;
  ALTER TABLE "ANYCAPITAL"."COUNTRIES" ADD UNIQUE ("A2") ENABLE;
  ALTER TABLE "ANYCAPITAL"."COUNTRIES" ADD CONSTRAINT "COUNTRIES_PK" PRIMARY KEY ("ID") ENABLE;
  ALTER TABLE "ANYCAPITAL"."COUNTRIES" MODIFY ("DISPLAY_NAME" NOT NULL ENABLE);
  ALTER TABLE "ANYCAPITAL"."COUNTRIES" MODIFY ("PHONE_CODE" NOT NULL ENABLE);
  ALTER TABLE "ANYCAPITAL"."COUNTRIES" MODIFY ("A3" NOT NULL ENABLE);
  ALTER TABLE "ANYCAPITAL"."COUNTRIES" MODIFY ("A2" NOT NULL ENABLE);
  ALTER TABLE "ANYCAPITAL"."COUNTRIES" MODIFY ("COUNTRY_NAME" NOT NULL ENABLE);
  ALTER TABLE "ANYCAPITAL"."COUNTRIES" MODIFY ("ID" NOT NULL ENABLE);
  
    grant select, insert, update on  "ANYCAPITAL"."COUNTRIES"  to anycapital;
  
  --------------------------------------------------------
--  DDL for Table CURRENCIES
--------------------------------------------------------

  CREATE TABLE "ANYCAPITAL"."CURRENCIES" 
   (	"ID" NUMBER(*,0), 
	"CODE" VARCHAR2(3 CHAR), 
	"DISPLAY_NAME" VARCHAR2(20 CHAR), 
	"SYMBOL" VARCHAR2(20 CHAR)
   ) ;
   
   COMMENT ON COLUMN "ANYCAPITAL"."CURRENCIES"."CODE" IS 'A common 3 characters name code for that currency';
   COMMENT ON COLUMN "ANYCAPITAL"."CURRENCIES"."SYMBOL" IS 'The symbol of the currency';
   
Insert into ANYCAPITAL.CURRENCIES (ID,CODE,DISPLAY_NAME,SYMBOL) values (3,'EUR','currencies.eur','€');

--------------------------------------------------------
--  Constraints for Table CURRENCIES
--------------------------------------------------------

 ALTER TABLE "ANYCAPITAL"."CURRENCIES" ADD CONSTRAINT "CURRENCIES_PK" PRIMARY KEY ("ID") ENABLE;
 ALTER TABLE "ANYCAPITAL"."CURRENCIES" MODIFY ("DISPLAY_NAME" NOT NULL ENABLE);
 ALTER TABLE "ANYCAPITAL"."CURRENCIES" MODIFY ("CODE" NOT NULL ENABLE);
 ALTER TABLE "ANYCAPITAL"."CURRENCIES" MODIFY ("SYMBOL" NOT NULL ENABLE);
 ALTER TABLE "ANYCAPITAL"."CURRENCIES" MODIFY ("ID" NOT NULL ENABLE);

  grant select, insert, update on  "ANYCAPITAL"."CURRENCIES"  to anycapital;
  
 --------------------------------------------------------
--  DDL for Table USERS
--------------------------------------------------------

  CREATE TABLE "ANYCAPITAL"."USERS" 
   (	"ID" NUMBER(*,0), 
	"BALANCE" NUMBER(*,0) DEFAULT 0, 
	"USER_NAME" VARCHAR2(50 CHAR), 
	"PASSWORD" VARCHAR2(110 CHAR), 
	"CURRENCY_ID" NUMBER(*,0), 
	"FIRST_NAME" NVARCHAR2(20), 
	"LAST_NAME" NVARCHAR2(20), 
	"STREET" NVARCHAR2(50), 
	"ZIP_CODE" VARCHAR2(10 CHAR), 
	"TIME_CREATED" DATE DEFAULT sysdate, 
	"TIME_LAST_LOGIN" DATE, 
	"IS_ACTIVE" NUMBER(1,0) DEFAULT 1, 
	"EMAIL" NVARCHAR2(50), 
	"COMMENTS" NVARCHAR2(100), 
	"IP" VARCHAR2(30 CHAR), 
	"TIME_BIRTH_DATE" DATE, 
	"IS_CONTACT_BY_EMAIL" NUMBER(1,0) DEFAULT 1, 
     "IS_CONTACT_BY_SMS" NUMBER(1,0)  DEFAULT 1, 
	"IS_CONTACT_BY_PHONE" NUMBER(1,0) DEFAULT 1, 
	"IS_ACCEPTED_TERMS" NUMBER DEFAULT 1,      
	"MOBILE_PHONE" VARCHAR2(20 CHAR), 
	"LAND_LINE_PHONE" VARCHAR2(20 CHAR), 
	"GENDER" VARCHAR2(1 CHAR), 
	"TIME_MODIFIED" DATE DEFAULT sysdate, 
	"CLASS_ID" NUMBER, 
	"STREET_NO" NVARCHAR2(6), 		 
	"UTC_OFFSET_MODIFIED" VARCHAR2(9 CHAR) DEFAULT 'GMT+02:00', 
	"LANGUAGE_ID" NUMBER DEFAULT 1, 
	"UTC_OFFSET" VARCHAR2(9 CHAR) DEFAULT 'GMT+02:00', 	
	"COUNTRY_ID" NUMBER DEFAULT 1, 
	"CITY_NAME" VARCHAR2(120 CHAR), 
	"UTC_OFFSET_CREATED" VARCHAR2(9 CHAR) DEFAULT 'GMT+02:00', 
	"WRITER_ID" NUMBER, 
     "AO_USER_ID" NUMBER DEFAULT 0, 
     "ACTION_SOURCE_ID" NUMBER,
	"USER_AGENT" VARCHAR2(2000), 	
	"HTTP_REFERER" VARCHAR2(4000)
   ); 

--------------------------------------------------------
--  Constraints for Table USERS
--------------------------------------------------------

  ALTER TABLE "ANYCAPITAL"."USERS" ADD CONSTRAINT "USERS_USER_NAME_UNQ" UNIQUE ("USER_NAME") ENABLE;;
  ALTER TABLE "ANYCAPITAL"."USERS" ADD CONSTRAINT "USERS_PK" PRIMARY KEY ("ID") ENABLE;;
  ALTER TABLE "ANYCAPITAL"."USERS" MODIFY ("IS_ACCEPTED_TERMS" NOT NULL ENABLE);
  ALTER TABLE "ANYCAPITAL"."USERS" MODIFY ("IS_CONTACT_BY_PHONE" NOT NULL ENABLE);
  ALTER TABLE "ANYCAPITAL"."USERS" MODIFY ("IS_CONTACT_BY_EMAIL" NOT NULL ENABLE);
  ALTER TABLE "ANYCAPITAL"."USERS" MODIFY ("IS_CONTACT_BY_SMS" NOT NULL ENABLE);
  ALTER TABLE "ANYCAPITAL"."USERS" MODIFY ("UTC_OFFSET_CREATED" NOT NULL ENABLE);
  ALTER TABLE "ANYCAPITAL"."USERS" MODIFY ("COUNTRY_ID" NOT NULL ENABLE);
  ALTER TABLE "ANYCAPITAL"."USERS" MODIFY ("UTC_OFFSET" NOT NULL ENABLE);
  ALTER TABLE "ANYCAPITAL"."USERS" MODIFY ("LANGUAGE_ID" NOT NULL ENABLE);
  ALTER TABLE "ANYCAPITAL"."USERS" MODIFY ("UTC_OFFSET_MODIFIED" NOT NULL ENABLE);
  ALTER TABLE "ANYCAPITAL"."USERS" MODIFY ("TIME_MODIFIED" NOT NULL ENABLE);
  ALTER TABLE "ANYCAPITAL"."USERS" MODIFY ("IP" NOT NULL ENABLE);
  ALTER TABLE "ANYCAPITAL"."USERS" MODIFY ("EMAIL" NOT NULL ENABLE);
  ALTER TABLE "ANYCAPITAL"."USERS" MODIFY ("IS_ACTIVE" NOT NULL ENABLE);
  ALTER TABLE "ANYCAPITAL"."USERS" MODIFY ("TIME_CREATED" NOT NULL ENABLE);
  ALTER TABLE "ANYCAPITAL"."USERS" MODIFY ("LAST_NAME" NOT NULL ENABLE);
  ALTER TABLE "ANYCAPITAL"."USERS" MODIFY ("FIRST_NAME" NOT NULL ENABLE);
  ALTER TABLE "ANYCAPITAL"."USERS" MODIFY ("CURRENCY_ID" NOT NULL ENABLE);
  ALTER TABLE "ANYCAPITAL"."USERS" MODIFY ("PASSWORD" NOT NULL ENABLE);
  ALTER TABLE "ANYCAPITAL"."USERS" MODIFY ("USER_NAME" NOT NULL ENABLE);
  ALTER TABLE "ANYCAPITAL"."USERS" MODIFY ("BALANCE" NOT NULL ENABLE);
  ALTER TABLE "ANYCAPITAL"."USERS" MODIFY ("ID" NOT NULL ENABLE);
  ALTER TABLE "ANYCAPITAL"."USERS" MODIFY ("ACTION_SOURCE_ID" NOT NULL ENABLE);
  
--------------------------------------------------------
--  Ref Constraints for Table USERS
--------------------------------------------------------
  ALTER TABLE "ANYCAPITAL"."USERS" ADD CONSTRAINT "FK_USERS_COUNTRY_ID" FOREIGN KEY ("COUNTRY_ID")
	  REFERENCES "ANYCAPITAL"."COUNTRIES" ("ID") ENABLE;
  ALTER TABLE "ANYCAPITAL"."USERS" ADD CONSTRAINT "FK_USERS_LANGUAGE_ID" FOREIGN KEY ("LANGUAGE_ID")
	  REFERENCES "ANYCAPITAL"."LANGUAGES" ("ID") ENABLE;
  ALTER TABLE "ANYCAPITAL"."USERS" ADD CONSTRAINT "USERS_CLASS_ID_FK" FOREIGN KEY ("CLASS_ID")
	  REFERENCES "ANYCAPITAL"."USER_CLASSES" ("ID") ENABLE;
  ALTER TABLE "ANYCAPITAL"."USERS" ADD CONSTRAINT "USERS_CURRENCY_ID_FK" FOREIGN KEY ("CURRENCY_ID")
	  REFERENCES "ANYCAPITAL"."CURRENCIES" ("ID") ENABLE;
  ALTER TABLE "ANYCAPITAL"."USERS" ADD CONSTRAINT "ACTION_SOURCE_ID_FK" FOREIGN KEY ("ACTION_SOURCE_ID")
	  REFERENCES "ANYCAPITAL"."ACTION_SOURCE" ("ID") ENABLE;
       
 grant select, insert, update on  "ANYCAPITAL"."USERS"  to anycapital;   
 
create sequence seq_any_users INCREMENT BY 1 START WITH 10000 NOCACHE;
create public synonym seq_any_users for seq_any_users;
      
--------------------------------------------------------
--  DDL for Table LANGUAGES
--------------------------------------------------------

  CREATE TABLE "ANYCAPITAL"."LANGUAGES" 
   (	"ID" NUMBER, 
	"CODE" VARCHAR2(2 CHAR), 
	"DISPLAY_NAME" VARCHAR2(20 CHAR)
   );

   COMMENT ON TABLE "ANYCAPITAL"."LANGUAGES"  IS '[LANG]';

Insert into ANYCAPITAL.LANGUAGES (ID,CODE,DISPLAY_NAME) values (2,'en','languages.eng');
Insert into ANYCAPITAL.LANGUAGES (ID,CODE,DISPLAY_NAME) values (8,'de','languages.de');

  ALTER TABLE "ANYCAPITAL"."LANGUAGES" ADD CONSTRAINT "LANGUAGES_PK" PRIMARY KEY ("ID") ENABLE;
  ALTER TABLE "ANYCAPITAL"."LANGUAGES" MODIFY ("DISPLAY_NAME" NOT NULL ENABLE);
  ALTER TABLE "ANYCAPITAL"."LANGUAGES" MODIFY ("CODE" NOT NULL ENABLE);
  ALTER TABLE "ANYCAPITAL"."LANGUAGES" MODIFY ("ID" NOT NULL ENABLE);
  
  grant select, insert, update on  "ANYCAPITAL"."LANGUAGES"  to anycapital;
  --------------------------------------------------------
--  DDL for Table USER_CLASSES
--------------------------------------------------------

  CREATE TABLE "ANYCAPITAL"."USER_CLASSES" 
   (	"ID" NUMBER, 
	"NAME" VARCHAR2(30 CHAR)
   );

Insert into ANYCAPITAL.USER_CLASSES (ID,NAME) values (0,'user.class.test');
Insert into ANYCAPITAL.USER_CLASSES (ID,NAME) values (1,'user.class.private');
Insert into ANYCAPITAL.USER_CLASSES (ID,NAME) values (2,'user.class.company');

 ALTER TABLE "ANYCAPITAL"."USER_CLASSES" ADD CONSTRAINT "USER_CLASSES_PK" PRIMARY KEY ("ID") ENABLE;
 ALTER TABLE "ANYCAPITAL"."USER_CLASSES" MODIFY ("NAME" NOT NULL ENABLE);
 ALTER TABLE "ANYCAPITAL"."USER_CLASSES" MODIFY ("ID" NOT NULL ENABLE);
 
 grant select, insert, update on  "ANYCAPITAL"."USER_CLASSES"  to anycapital;
 
--------------------------------------------------------
--  DDL for Table USER_CLASSES
--------------------------------------------------------
 
   CREATE TABLE "ANYCAPITAL"."ACTION_SOURCE" 
   (	"ID" NUMBER, 
	"NAME" VARCHAR2(30 CHAR)
   );
   
Insert into ANYCAPITAL.ACTION_SOURCE (ID,NAME) values (1,'WEB');
Insert into ANYCAPITAL.ACTION_SOURCE (ID,NAME) values (2,'BACKEND');
Insert into ANYCAPITAL.ACTION_SOURCE (ID,NAME) values (3,'JOB');

 ALTER TABLE "ANYCAPITAL"."ACTION_SOURCE" ADD CONSTRAINT "ACTION_SOURCE_PK" PRIMARY KEY ("ID") ENABLE;
 ALTER TABLE "ANYCAPITAL"."ACTION_SOURCE" MODIFY ("NAME" NOT NULL ENABLE);
 ALTER TABLE "ANYCAPITAL"."ACTION_SOURCE" MODIFY ("ID" NOT NULL ENABLE);
 
 grant select, insert, update on  "ANYCAPITAL"."ACTION_SOURCE"  to anycapital;

--------------------------------------------------------
--  DDL for Table TRANSACTION_CLASS_TYPES
--------------------------------------------------------

  CREATE TABLE "ANYCAPITAL"."TRANSACTION_CLASS_TYPES" 
   (	"ID" NUMBER, 
	"CODE" VARCHAR2(40 CHAR), 
	"NAME" VARCHAR2(50 CHAR)
   ) ;

   COMMENT ON TABLE "ANYCAPITAL"."TRANSACTION_CLASS_TYPES"  IS '[TRCT]';
   
Insert into ANYCAPITAL.TRANSACTION_CLASS_TYPES (ID,CODE,NAME) values (10,'C_TYPE_FIX_BALANCE','fix balance');
Insert into ANYCAPITAL.TRANSACTION_CLASS_TYPES (ID,CODE,NAME) values (11,'C_TYPE_DEPOSIT_BY_COMPANY','deposit.by.company');
Insert into ANYCAPITAL.TRANSACTION_CLASS_TYPES (ID,CODE,NAME) values (1,'C_TYPE_REAL_DEPOSITS','real deposits ');
Insert into ANYCAPITAL.TRANSACTION_CLASS_TYPES (ID,CODE,NAME) values (2,'C_TYPE_REAL_WITHDRAWALS','real withdrawals');
Insert into ANYCAPITAL.TRANSACTION_CLASS_TYPES (ID,CODE,NAME) values (3,'C_TYPE_INTERNALS','internal actions');
Insert into ANYCAPITAL.TRANSACTION_CLASS_TYPES (ID,CODE,NAME) values (4,'C_TYPE_FEES','fees');
Insert into ANYCAPITAL.TRANSACTION_CLASS_TYPES (ID,CODE,NAME) values (5,'C_TYPE_ADMIN_DEPOSITS','admin deposits');
Insert into ANYCAPITAL.TRANSACTION_CLASS_TYPES (ID,CODE,NAME) values (6,'C_TYPE_ADMIN_WITHDRAWALS','admin withdrawals');
Insert into ANYCAPITAL.TRANSACTION_CLASS_TYPES (ID,CODE,NAME) values (7,'C_TYPE_BONUS_DEPOSITS','bonus deposits');
Insert into ANYCAPITAL.TRANSACTION_CLASS_TYPES (ID,CODE,NAME) values (8,'C_TYPE_BONUS_WITHRAWALS','bonus withdrawals');
Insert into ANYCAPITAL.TRANSACTION_CLASS_TYPES (ID,CODE,NAME) values (9,'C_TYPE_REVERSE_WITHDRAWS','reverse withdrawals');

--------------------------------------------------------
--  Constraints for Table TRANSACTION_CLASS_TYPES
--------------------------------------------------------

  ALTER TABLE "ANYCAPITAL"."TRANSACTION_CLASS_TYPES" ADD CONSTRAINT "TRANSACTION_CLASS_TYPES_PK" PRIMARY KEY ("ID") ENABLE;
  ALTER TABLE "ANYCAPITAL"."TRANSACTION_CLASS_TYPES" MODIFY ("NAME" NOT NULL ENABLE);
  ALTER TABLE "ANYCAPITAL"."TRANSACTION_CLASS_TYPES" MODIFY ("CODE" NOT NULL ENABLE);
  ALTER TABLE "ANYCAPITAL"."TRANSACTION_CLASS_TYPES" MODIFY ("ID" NOT NULL ENABLE);

grant select, insert, update on  "ANYCAPITAL"."TRANSACTION_CLASS_TYPES"  to anycapital;       

--------------------------------------------------------
--  DDL for Table TRANSACTION_TYPES
--------------------------------------------------------

  CREATE TABLE "ANYCAPITAL"."TRANSACTION_TYPES" 
   (	"ID" NUMBER(*,0), 
	"CODE" VARCHAR2(40 CHAR), 
	"DESCRIPTION" VARCHAR2(40 CHAR), 
	"CLASS_TYPE" NUMBER(2,0)
   ) ;

   COMMENT ON COLUMN "ANYCAPITAL"."TRANSACTION_TYPES"."CODE" IS 'Name of  type';   
   COMMENT ON TABLE "ANYCAPITAL"."TRANSACTION_TYPES"  IS '[TRNT]';

Insert into ANYCAPITAL.TRANSACTION_TYPES (ID,CODE,DESCRIPTION,CLASS_TYPE) values (6,'TRANS_TYPE_REVERSE_WITHDRAW','transactions.reverse',9);
Insert into ANYCAPITAL.TRANSACTION_TYPES (ID,CODE,DESCRIPTION,CLASS_TYPE) values (2,'TRANS_TYPE_WIRE_DEPOSIT','transactions.wire.deposit',1);
Insert into ANYCAPITAL.TRANSACTION_TYPES (ID,CODE,DESCRIPTION,CLASS_TYPE) values (4,'TRANS_TYPE_ADMIN_DEPOSIT','transactions.admin.deposit',5);
Insert into ANYCAPITAL.TRANSACTION_TYPES (ID,CODE,DESCRIPTION,CLASS_TYPE) values (5,'TRANS_TYPE_ADMIN_WITHDRAW','transactions.admin.withdraw',6);
Insert into ANYCAPITAL.TRANSACTION_TYPES (ID,CODE,DESCRIPTION,CLASS_TYPE) values (8,'TRANS_TYPE_WITHDRAW_FEE','transactions.withdrawfee',4);
Insert into ANYCAPITAL.TRANSACTION_TYPES (ID,CODE,DESCRIPTION,CLASS_TYPE) values (14,'TRANS_TYPE_BANK_WIRE','transactions.bank.wire',2);
Insert into ANYCAPITAL.TRANSACTION_TYPES (ID,CODE,DESCRIPTION,CLASS_TYPE) values (15,'TRANS_TYPE_BANK_WIRE_FEE','transactions.bank.wirefee',4);
Insert into ANYCAPITAL.TRANSACTION_TYPES (ID,CODE,DESCRIPTION,CLASS_TYPE) values (22,'TRANS_TYPE_FIX_BALANCE_DEPOSIT','transactions.fix.balance.deposit',10);
Insert into ANYCAPITAL.TRANSACTION_TYPES (ID,CODE,DESCRIPTION,CLASS_TYPE) values (23,'TRANS_TYPE_FIX_BALANCE_WITHDRAW','transactions.fix.balance.withdraw',10);
Insert into ANYCAPITAL.TRANSACTION_TYPES (ID,CODE,DESCRIPTION,CLASS_TYPE) values (49,'TRANS_TYPE_FIX_NEGATIVE_BALANCE','transactions.fix.negative.balance',10);

--------------------------------------------------------
--  Constraints for Table TRANSACTION_TYPES
--------------------------------------------------------
  
  ALTER TABLE "ANYCAPITAL"."TRANSACTION_TYPES" ADD CONSTRAINT "TRANSACTION_TYPES_PK" PRIMARY KEY ("ID") ENABLE;
  ALTER TABLE "ANYCAPITAL"."TRANSACTION_TYPES" MODIFY ("CLASS_TYPE" NOT NULL ENABLE);
  ALTER TABLE "ANYCAPITAL"."TRANSACTION_TYPES" MODIFY ("CODE" NOT NULL ENABLE);
  ALTER TABLE "ANYCAPITAL"."TRANSACTION_TYPES" MODIFY ("ID" NOT NULL ENABLE);
--------------------------------------------------------
--  Ref Constraints for Table TRANSACTION_TYPES
--------------------------------------------------------

  ALTER TABLE "ANYCAPITAL"."TRANSACTION_TYPES" ADD CONSTRAINT "FK_TRNT_TRCT" FOREIGN KEY ("CLASS_TYPE")
	  REFERENCES "ANYCAPITAL"."TRANSACTION_CLASS_TYPES" ("ID") ENABLE;

grant select, insert, update on  "ANYCAPITAL"."TRANSACTION_TYPES"  to anycapital;   

--------------------------------------------------------
--  DDL for Table TRANSACTION_STATUSES
--------------------------------------------------------

  CREATE TABLE "ANYCAPITAL"."TRANSACTION_STATUSES" 
   (	"ID" NUMBER(*,0), 
	"CODE" VARCHAR2(30 CHAR), 
	"DESCRIPTION" VARCHAR2(50 CHAR)
   ) ;

COMMENT ON COLUMN "ANYCAPITAL"."TRANSACTION_STATUSES"."CODE" IS 'Description of  status';
   
Insert into ANYCAPITAL.TRANSACTION_STATUSES (ID,CODE,DESCRIPTION) values (9,'TRANS_STATUS_APPROVED','trans.status.approved');
Insert into ANYCAPITAL.TRANSACTION_STATUSES (ID,CODE,DESCRIPTION) values (7,'TRANS_STATUS_PENDING','trans.status.pending');
Insert into ANYCAPITAL.TRANSACTION_STATUSES (ID,CODE,DESCRIPTION) values (3,'TRANS_STATUS_FAILED','trans.status.failed');
Insert into ANYCAPITAL.TRANSACTION_STATUSES (ID,CODE,DESCRIPTION) values (2,'TRANS_STATUS_SUCCEED','trans.status.succeed');
Insert into ANYCAPITAL.TRANSACTION_STATUSES (ID,CODE,DESCRIPTION) values (1,'TRANS_STATUS_STARTED','trans.status.started');
Insert into ANYCAPITAL.TRANSACTION_STATUSES (ID,CODE,DESCRIPTION) values (4,'TRANS_STATUS_REQUESTED','trans.status.requested');
Insert into ANYCAPITAL.TRANSACTION_STATUSES (ID,CODE,DESCRIPTION) values (5,'TRANS_STATUS_CANCELED','trans.status.canceled');
Insert into ANYCAPITAL.TRANSACTION_STATUSES (ID,CODE,DESCRIPTION) values (8,'TRANS_STATUS_CANCELED_ANYCAPITAL','trans.status.canceledbyANYCAPITAL');
Insert into ANYCAPITAL.TRANSACTION_STATUSES (ID,CODE,DESCRIPTION) values (6,'TRANS_STATUS_REVERSE_WITHDRAW','trans.status.reverse');
Insert into ANYCAPITAL.TRANSACTION_STATUSES (ID,CODE,DESCRIPTION) values (11,'TRANS_STATUS_IN_PROGRESS','trans.status.in.progress');
Insert into ANYCAPITAL.TRANSACTION_STATUSES (ID,CODE,DESCRIPTION) values (12,'TRANS_STATUS_CANCELED_FRAUDS','trans.status.canceledbyfrauds');
Insert into ANYCAPITAL.TRANSACTION_STATUSES (ID,CODE,DESCRIPTION) values (15,'TRANS_STATUS_CANCEL_S_M','trans.status.cancel.s.m');
Insert into ANYCAPITAL.TRANSACTION_STATUSES (ID,CODE,DESCRIPTION) values (16,'TRANS_STATUS_CANCEL_M_N_R','trans.status.cancel.m.n.r');
Insert into ANYCAPITAL.TRANSACTION_STATUSES (ID,CODE,DESCRIPTION) values (10,'TRANS_STATUS_AUTHENTICATE','trans.status.authenticate');
Insert into ANYCAPITAL.TRANSACTION_STATUSES (ID,CODE,DESCRIPTION) values (14,'TRANS_STATUS_CHARGE_BACK','trans.status.charge.back');
Insert into ANYCAPITAL.TRANSACTION_STATUSES (ID,CODE,DESCRIPTION) values (13,'TRANS_STATUS_CANCEL_S_DEPOSIT','trans.status.cancel.succ.deposit');
Insert into ANYCAPITAL.TRANSACTION_STATUSES (ID,CODE,DESCRIPTION) values (18,'TRANS_STATUS_PARTIAL','trans.status.partial');
Insert into ANYCAPITAL.TRANSACTION_STATUSES (ID,CODE,DESCRIPTION) values (17,'TRANS_STATUS_SECOND_APPROVAL','trans.status.second.approval');

--------------------------------------------------------
--  Constraints for Table TRANSACTION_STATUSES
--------------------------------------------------------

  ALTER TABLE "ANYCAPITAL"."TRANSACTION_STATUSES" ADD CONSTRAINT "TRANSACTION_STATUS_PK" PRIMARY KEY ("ID") ENABLE;
  ALTER TABLE "ANYCAPITAL"."TRANSACTION_STATUSES" MODIFY ("CODE" NOT NULL ENABLE);
  ALTER TABLE "ANYCAPITAL"."TRANSACTION_STATUSES" MODIFY ("ID" NOT NULL ENABLE);

grant select, insert, update on  "ANYCAPITAL"."TRANSACTION_STATUSES"  to anycapital;   

--------------------------------------------------------
--  DDL for Table TRANSACTIONS
--------------------------------------------------------

  CREATE TABLE "ANYCAPITAL"."TRANSACTIONS" 
   (	"ID" NUMBER, 
	"USER_ID" NUMBER, 
	"TYPE_ID" NUMBER, 
	"TIME_CREATED" DATE, 
	"AMOUNT" NUMBER, 
	"STATUS_ID" NUMBER, 
	"DESCRIPTION" NVARCHAR2(100), 
	"WRITER_ID" NUMBER, 
	"IP" VARCHAR2(50 CHAR), 
	"TIME_SETTLED" DATE, 
	"COMMENTS" NVARCHAR2(4000),
	"UTC_OFFSET_SETTLED" VARCHAR2(9 CHAR), 
	"UTC_OFFSET_CREATED" VARCHAR2(9 CHAR) DEFAULT 'GMT+02:00', 
     "ACTION_SOURCE_ID" NUMBER,
	"RATE" NUMBER(10,5) DEFAULT 0
   ) ;
   
   COMMENT ON COLUMN "ANYCAPITAL"."TRANSACTIONS"."RATE" IS 'rate between transaction currency and $';
   
--------------------------------------------------------
--  Constraints for Table TRANSACTIONS
--------------------------------------------------------

  ALTER TABLE "ANYCAPITAL"."TRANSACTIONS" ADD CONSTRAINT "TRANSACTIONS_PKP" PRIMARY KEY ("ID") ENABLE;
  ALTER TABLE "ANYCAPITAL"."TRANSACTIONS" MODIFY ("RATE" NOT NULL ENABLE);
  ALTER TABLE "ANYCAPITAL"."TRANSACTIONS" MODIFY ("UTC_OFFSET_CREATED" NOT NULL ENABLE);
  ALTER TABLE "ANYCAPITAL"."TRANSACTIONS" MODIFY ("IP" NOT NULL ENABLE);
  ALTER TABLE "ANYCAPITAL"."TRANSACTIONS" MODIFY ("WRITER_ID" NOT NULL ENABLE);
  ALTER TABLE "ANYCAPITAL"."TRANSACTIONS" MODIFY ("STATUS_ID" NOT NULL ENABLE);
  ALTER TABLE "ANYCAPITAL"."TRANSACTIONS" MODIFY ("AMOUNT" NOT NULL ENABLE);
  ALTER TABLE "ANYCAPITAL"."TRANSACTIONS" MODIFY ("TIME_CREATED" NOT NULL ENABLE);
  ALTER TABLE "ANYCAPITAL"."TRANSACTIONS" MODIFY ("TYPE_ID" NOT NULL ENABLE);
  ALTER TABLE "ANYCAPITAL"."TRANSACTIONS" MODIFY ("USER_ID" NOT NULL ENABLE);
  ALTER TABLE "ANYCAPITAL"."TRANSACTIONS" MODIFY ("ID" NOT NULL ENABLE);
--------------------------------------------------------
--  Ref Constraints for Table TRANSACTIONS
--------------------------------------------------------

  ALTER TABLE "ANYCAPITAL"."TRANSACTIONS" ADD CONSTRAINT "TRANSACTIONS_STATU_ID_FKP" FOREIGN KEY ("STATUS_ID")
	  REFERENCES "ANYCAPITAL"."TRANSACTION_STATUSES" ("ID") ENABLE;
  ALTER TABLE "ANYCAPITAL"."TRANSACTIONS" ADD CONSTRAINT "TRANSACTIONS_TID_FKP" FOREIGN KEY ("TYPE_ID")
	  REFERENCES "ANYCAPITAL"."TRANSACTION_TYPES" ("ID") ENABLE;
  ALTER TABLE "ANYCAPITAL"."TRANSACTIONS" ADD CONSTRAINT "TRANSACTIONS_USR_ID_FKP" FOREIGN KEY ("USER_ID")
	  REFERENCES "ANYCAPITAL"."USERS" ("ID") ENABLE;
  ALTER TABLE "ANYCAPITAL"."TRANSACTIONS" ADD CONSTRAINT "TRANSACTIONS_WTR_ID_FKP" FOREIGN KEY ("WRITER_ID")
	  REFERENCES "ANYCAPITAL"."WRITERS" ("ID") DISABLE;
ALTER TABLE "ANYCAPITAL"."TRANSACTIONS" ADD CONSTRAINT "TRANSACTIONS_AS_ID_FKP" FOREIGN KEY ("ACTION_SOURCE_ID")
	  REFERENCES "ANYCAPITAL"."ACTION_SOURCE_ID" ("ID") DISABLE;       

grant select, insert, update on  "ANYCAPITAL"."TRANSACTIONS"  to anycapital;   
 
create sequence seq_any_transactions INCREMENT BY 7 START WITH 10000 NOCACHE;
create public synonym seq_any_transactions for seq_any_transactions;

--------------------------------------------------------
--  DDL for Table WIRES
--------------------------------------------------------

  CREATE TABLE "ANYCAPITAL"."WIRES" 
   (	"ID" NUMBER, 	
     "TIME_CREATED" DATE DEFAULT sysdate,
     "TRANSACTION_ID" NUMBER,
     "BRANCH_ADDRESS" VARCHAR2(200 CHAR), 
     "BANK_NAME" VARCHAR2(160 CHAR), 
     "IBAN" VARCHAR2(160 CHAR), 
     "SWIFT" VARCHAR2(160 CHAR), 
     "ACCOUNT_INFO" VARCHAR2(500),
     "ACCOUNT_NUM" NUMBER, 
	"BENEFICIARY_NAME" VARCHAR2(160 CHAR), 
     "BANK_FEE_AMOUNT" NUMBER		
   ) ;

--------------------------------------------------------
--  Constraints for Table WIRES
--------------------------------------------------------

  ALTER TABLE "ANYCAPITAL"."WIRES" ADD CONSTRAINT "WIRES_PK" PRIMARY KEY ("ID") ENABLE;
  ALTER TABLE "ANYCAPITAL"."WIRES" MODIFY ("ID" NOT NULL ENABLE);
--------------------------------------------------------
--  Ref Constraints for Table WIRES
--------------------------------------------------------

  ALTER TABLE "ANYCAPITAL"."WIRES" ADD CONSTRAINT "TRANSACTION_ID_FK" FOREIGN KEY ("TRANSACTION_ID")
	  REFERENCES "ANYCAPITAL"."TRANSACTIONS" ("ID") ENABLE;

grant select, insert, update on  "ANYCAPITAL"."WIRES"  to anycapital;   
 
create sequence seq_any_wires INCREMENT BY 1 START WITH 1 NOCACHE;
create public synonym seq_any_wires for seq_any_wires;
